Forms ID,C000 ID,Athlete,Date of Birth,Genero,Disciplina,Test Type,Test Date,Body Weight [kg],Trial,Jump Height (Imp-Mom) [cm],Concentric Impulse (Left) [N s],Concentric Impulse (Right) [N s],Concentric RFD (Left) [N/s],Concentric RFD (Right) [N/s],Eccentric Braking RFD (Left) [N/s],Eccentric Braking RFD (Right) [N/s],RSI-modified (Imp-Mom) [m/s],Takeoff Peak Force (Right) [N],Takeoff Peak Force (Left) [N],Concentric Time to Peak Force (Left) [ms],Concentric Time to Peak Force (Right) [ms],Force at Peak Power (Left) [N],Force at Peak Power (Right) [N],Peak Landing Force (Left) [N],Peak Landing Force (Right) [N],Landing RFD (Right) [N/s],Landing RFD (Left) [N/s],Concentric Peak Force (Left) [N],Concentric Peak Force (Right) [N],Eccentric Peak Force (Left) [N],Eccentric Peak Force (Right) [N],Sesion,File
,,Sebastian Ramirez ,30/05/2008,Hombre,Americano,Countermovement Jump,2026-08-17 15:55:46.840,141.04,Trial 1,33.5,394.7,414.1,2600,2067,2748,2546,0.32,1574,1473,30,28,1306,1370,3008,4418,88357,48512,1473,1574,1395,1512,Sesion1,Americano.xlsx
,,Sebastian Ramirez ,30/05/2008,Hombre,Americano,Countermovement Jump,2026-08-17 15:55:46.840,141.04,Trial 2,33.0,394.7,394.3,3071,1929,3120,3049,0.33,1602,1599,16,14,1352,1388,4544,4045,72229,87380,1599,1602,1555,1575,Sesion1,Americano.xlsx
,,Sebastian Ramirez ,30/05/2008,Hombre,Americano,Countermovement Jump,2026-08-17 15:55:46.840,141.04,Trial 3,31.8,375.9,371.6,1611,611,2642,2792,0.34,1621,1583,28,12,1396,1408,2285,2950,50859,34618,1583,1621,1552,1606,Sesion1,Americano.xlsx
,,Miguel Lozano,30/04/2004,Hombre,Americano,Countermovement Jump,2026-08-17 15:32:11.987,67.82,Trial 1,52.2,190.0,188.4,0,0,3522,4412,0.78,1000,981,0,8,773,762,4514,4608,288005,376147,977,1000,981,993,Sesion1,Americano.xlsx
,,Miguel Lozano,30/04/2004,Hombre,Americano,Countermovement Jump,2026-08-17 15:32:11.987,67.82,Trial 2,48.3,195.9,185.9,0,0,3582,4919,0.68,1100,1015,0,0,768,714,3396,2031,53449,141490,998,1093,1015,1100,Sesion1,Americano.xlsx
,,Roberto Medina,22/04/2006,Hombre,Americano,Countermovement Jump,2026-08-17 15:29:11.983,78.41,Trial 1,33.7,176.6,164.3,658,3684,5376,4417,0.61,1126,1229,16,46,1006,973,3539,2950,67050,88476,1229,1126,1203,979,Sesion1,Americano.xlsx
,,Roberto Medina,22/04/2006,Hombre,Americano,Countermovement Jump,2026-08-17 15:29:11.983,78.41,Trial 2,38.4,183.5,182.3,438,2938,4285,4448,0.61,1153,1163,10,26,943,953,2737,2454,47196,62205,1163,1153,1154,1101,Sesion1,Americano.xlsx
,,Roberto Medina,22/04/2006,Hombre,Americano,Countermovement Jump,2026-08-17 15:29:11.983,78.41,Trial 3,36.2,173.6,177.0,1643,2857,4143,4665,0.62,1192,1171,14,14,989,993,2654,2360,45388,55292,1171,1192,1148,1152,Sesion1,Americano.xlsx
,,Victor Palacios,01/05/2005,Hombre,Americano,Countermovement Jump,2026-08-17 15:28:27.407,76.05,Trial 1,55.4,234.3,232.3,0,0,2923,2724,0.72,1004,1028,0,0,922,910,6372,8204,1025509,796471,1004,1001,1028,1004,Sesion1,Americano.xlsx
,,Victor Palacios,01/05/2005,Hombre,Americano,Countermovement Jump,2026-08-17 15:28:27.407,76.05,Trial 2,53.3,239.5,212.4,0,0,3009,2736,0.72,940,1068,0,194,945,878,5201,4773,265171,433397,1043,940,1068,940,Sesion1,Americano.xlsx
,,Victor Palacios,01/05/2005,Hombre,Americano,Countermovement Jump,2026-08-17 15:28:27.407,76.05,Trial 3,52.8,225.5,222.3,0,0,3283,3080,0.71,1043,1122,0,0,907,900,2783,7086,885759,115949,1096,1035,1122,1043,Sesion1,Americano.xlsx
,,Patricio Trevino,09/10/2007,Hombre,Americano,Countermovement Jump,2026-08-17 15:26:41.167,124.78,Trial 1,32.2,322.6,318.0,714,1566,5026,3801,0.45,1522,1481,180,186,1383,1430,4864,5511,211964,187068,1481,1522,1354,1246,Sesion1,Americano.xlsx
,,Patricio Trevino,09/10/2007,Hombre,Americano,Countermovement Jump,2026-08-17 15:26:41.167,124.78,Trial 2,30.6,330.6,347.2,153,657,5036,4250,0.4,1532,1423,240,236,1387,1481,3809,3670,122336,146491,1423,1532,1390,1386,Sesion1,Americano.xlsx
,,Patricio Trevino,09/10/2007,Hombre,Americano,Countermovement Jump,2026-08-17 15:26:41.167,124.78,Trial 3,30.9,306.0,321.4,565,-76,4734,5167,0.45,1487,1400,174,0,1352,1375,4200,4560,190003,190898,1400,1466,1335,1487,Sesion1,Americano.xlsx
,,Sebastian  Saucedo ,16/02/2008,Hombre,Americano,Countermovement Jump,2026-08-17 15:25:01.180,98.54,Trial 1,38.3,258.2,255.1,574,170,2958,3297,0.5,1155,1185,176,170,1140,1079,4390,3653,96134,95430,1185,1155,1084,1122,Sesion1,Americano.xlsx
,,Sebastian  Saucedo ,16/02/2008,Hombre,Americano,Countermovement Jump,2026-08-17 15:25:01.180,98.54,Trial 2,39.1,261.4,271.3,322,11,2670,3197,0.52,1158,1151,176,186,1054,1120,3272,4685,130141,62919,1151,1158,1101,1155,Sesion1,Americano.xlsx
,,Sebastian  Saucedo ,16/02/2008,Hombre,Americano,Countermovement Jump,2026-08-17 15:25:01.180,98.54,Trial 3,39.4,266.7,265.3,413,11,2795,3176,0.52,1176,1172,188,176,1134,1085,5130,4265,106627,122137,1172,1176,1098,1170,Sesion1,Americano.xlsx
,,Luis Torres (usar este perfil) ,27/09/2006,Hombre,Americano,Countermovement Jump,2026-08-17 15:23:11.543,141.5,Trial 1,33.1,365.1,379.9,1069,977,4878,4676,0.45,1683,1615,174,172,1509,1575,6431,6591,235384,267977,1615,1683,1429,1531,Sesion1,Americano.xlsx
,,Luis Torres (usar este perfil) ,27/09/2006,Hombre,Americano,Countermovement Jump,2026-08-17 15:23:11.543,141.5,Trial 2,34.6,368.1,376.4,231,1300,5688,5030,0.47,1652,1602,162,160,1456,1569,5902,5662,235907,245935,1602,1652,1587,1470,Sesion1,Americano.xlsx
,,Rodrigo Garza,08/05/2008,Hombre,Americano,Countermovement Jump,2026-08-17 15:23:10.357,82.97,Trial 1,37.4,235.2,216.8,0,0,2962,2118,0.49,886,1079,0,188,881,826,2236,1704,25060,41403,1044,884,1079,886,Sesion1,Americano.xlsx
,,Rodrigo Garza,08/05/2008,Hombre,Americano,Countermovement Jump,2026-08-17 15:23:10.357,82.97,Trial 2,41.3,234.0,231.2,0,0,3107,2638,0.56,970,1106,0,0,876,882,2891,2740,137004,131398,1095,970,1106,970,Sesion1,Americano.xlsx
,,Rodrigo Garza,08/05/2008,Hombre,Americano,Countermovement Jump,2026-08-17 15:23:10.357,82.97,Trial 3,47.9,257.7,239.8,-500,1000,3479,2911,0.66,945,1092,0,2,883,884,2212,1723,47863,85068,1078,945,1092,943,Sesion1,Americano.xlsx
,,Mikel Delgado,11/06/2002,Hombre,Americano,Countermovement Jump,2026-08-17 15:19:25.500,102.41,Trial 1,46.9,275.2,280.6,277,1196,3270,3730,0.61,1363,1300,152,150,1228,1291,6379,4922,144767,199336,1300,1363,1262,1185,Sesion1,Americano.xlsx
,,Mikel Delgado,11/06/2002,Hombre,Americano,Countermovement Jump,2026-08-17 15:19:25.500,102.41,Trial 2,48.7,270.6,302.1,0,0,3562,4488,0.64,1339,1392,0,180,1100,1279,5844,6029,231888,224760,1379,1336,1392,1339,Sesion1,Americano.xlsx
,,Mikel Delgado,11/06/2002,Hombre,Americano,Countermovement Jump,2026-08-17 15:19:25.500,102.41,Trial 3,50.3,272.8,296.0,0,0,3854,3236,0.68,1441,1389,0,0,1120,1262,6415,6405,266878,246722,1379,1396,1389,1441,Sesion1,Americano.xlsx
,,Santiago Salazar,08/11/2005,Hombre,Americano,Countermovement Jump,2026-08-17 15:15:44.823,97.24,Trial 1,40.2,257.8,268.1,0,0,4123,4276,0.56,1415,1342,0,0,1001,1012,1359,1980,45002,75487,1272,1358,1342,1415,Sesion1,Americano.xlsx
,,Santiago Salazar,08/11/2005,Hombre,Americano,Countermovement Jump,2026-08-17 15:15:44.823,97.24,Trial 2,40.0,247.3,252.3,0,0,4712,5163,0.6,1423,1321,0,0,1059,1051,1422,1800,42859,19747,1314,1416,1321,1423,Sesion1,Americano.xlsx
,,Santiago Salazar,08/11/2005,Hombre,Americano,Countermovement Jump,2026-08-17 15:15:44.823,97.24,Trial 3,41.6,262.0,261.6,0,0,4364,4869,0.59,1416,1392,0,0,983,993,1511,1396,139608,22217,1388,1406,1392,1416,Sesion1,Americano.xlsx
,,Lauro Guajardo,19/02/2007,Hombre,Americano,Countermovement Jump,2026-08-17 15:15:00.360,92.23,Trial 1,34.7,228.8,229.4,0,0,4496,4407,0.47,1180,1290,0,4,936,954,3465,2396,171126,247532,1276,1180,1290,1174,Sesion1,Americano.xlsx
,,Lauro Guajardo,19/02/2007,Hombre,Americano,Countermovement Jump,2026-08-17 15:15:00.360,92.23,Trial 2,34.7,231.3,220.1,-750,3250,5356,5252,0.55,1153,1314,0,34,1013,990,2758,4564,228188,98516,1296,1153,1314,1104,Sesion1,Americano.xlsx
,,Mauricio  Santos,09/03/2001,Hombre,Americano,Countermovement Jump,2026-08-17 15:12:38.323,95.17,Trial 1,42.3,242.3,294.1,910,548,1784,3259,0.49,1281,1062,192,182,1014,1182,2476,2920,48663,49529,1062,1281,891,1176,Sesion1,Americano.xlsx
,,Mauricio  Santos,09/03/2001,Hombre,Americano,Countermovement Jump,2026-08-17 15:12:38.323,95.17,Trial 2,42.8,247.8,290.2,-30,452,2494,2888,0.51,1236,1042,0,178,977,1178,2749,3026,79625,65463,1036,1236,1042,1158,Sesion1,Americano.xlsx
,,Miguel Lozano,30/04/2004,Hombre,Americano,Countermovement Jump,2026-08-17 15:09:02.873,68.09,Trial 1,48.3,198.7,177.5,2000,-1500,3554,3515,0.7,998,998,2,0,823,737,2628,2566,58313,65711,998,974,998,998,Sesion1,Americano.xlsx
,,Miguel Lozano,30/04/2004,Hombre,Americano,Countermovement Jump,2026-08-17 15:09:02.873,68.09,Trial 2,51.5,187.5,188.2,333,667,3665,4588,0.79,1048,976,2,6,783,754,3196,2694,112240,122940,974,1048,976,1044,Sesion1,Americano.xlsx
,,Luis Olivares,20/05/2004,Hombre,Americano,Countermovement Jump,2026-08-17 15:06:51.533,91.12,Trial 1,36.8,226.4,230.1,1246,690,4782,4781,0.59,1173,1156,142,148,1084,1088,2491,2991,115029,103810,1156,1173,1124,1163,Sesion1,Americano.xlsx
,,Luis Olivares,20/05/2004,Hombre,Americano,Countermovement Jump,2026-08-17 15:06:51.533,91.12,Trial 2,37.5,234.0,233.6,0,0,4643,4402,0.56,1166,1177,0,0,1014,1026,2005,2740,76104,43597,1162,1159,1177,1166,Sesion1,Americano.xlsx
,,Luis Olivares,20/05/2004,Hombre,Americano,Countermovement Jump,2026-08-17 15:06:51.533,91.12,Trial 3,37.9,230.5,228.3,337,304,4621,4030,0.6,1155,1143,70,102,1071,1077,2579,3098,86049,71651,1143,1155,1108,1127,Sesion1,Americano.xlsx
,,Juan Cantu,22/02/2007,Hombre,Americano,Countermovement Jump,2026-08-17 15:05:36.520,97.76,Trial 1,33.7,222.0,281.4,172,218,4397,4332,0.44,1256,1155,174,184,984,1217,2904,5076,634470,161358,1054,1256,1155,1221,Sesion1,Americano.xlsx
,,Juan Cantu,22/02/2007,Hombre,Americano,Countermovement Jump,2026-08-17 15:05:36.520,97.76,Trial 2,28.2,200.4,265.0,0,0,3427,5391,0.4,1320,1030,0,0,844,1197,3096,2428,173411,172025,1005,1309,1030,1320,Sesion1,Americano.xlsx
,,Miguel Salazar,22/01/2001,Hombre,Americano,Countermovement Jump,2026-08-17 15:03:06.267,124.12,Trial 1,33.8,310.0,315.0,2000,0,5421,5451,0.49,1511,1426,118,0,1327,1292,3952,4364,121216,82343,1426,1509,1376,1511,Sesion1,Americano.xlsx
,,Miguel Salazar,22/01/2001,Hombre,Americano,Countermovement Jump,2026-08-17 15:03:06.267,124.12,Trial 2,34.7,307.2,321.5,350,100,6332,6686,0.5,1572,1529,30,16,1297,1346,3573,3798,82560,81215,1529,1571,1526,1572,Sesion1,Americano.xlsx
,,Rogelio Baker ,19/08/2008,Hombre,Americano,Countermovement Jump,2026-08-17 15:01:38.470,84.21,Trial 1,38.7,219.3,206.3,0,0,4299,3401,0.58,1080,1236,0,14,954,931,4152,4772,298235,296603,1218,1080,1236,1079,Sesion1,Americano.xlsx
,,Rogelio Baker ,19/08/2008,Hombre,Americano,Countermovement Jump,2026-08-17 15:01:38.470,84.21,Trial 2,37.0,195.8,205.2,-813,2531,4946,4122,0.63,1230,1317,2,40,1009,1078,3182,2442,101740,176802,1317,1230,1316,1147,Sesion1,Americano.xlsx
,,Rogelio Baker ,19/08/2008,Hombre,Americano,Countermovement Jump,2026-08-17 15:01:38.470,84.21,Trial 3,42.3,206.3,198.9,-107,1500,5053,5482,0.75,1310,1377,12,28,1078,1070,3243,3035,137944,270287,1377,1310,1373,1268,Sesion1,Americano.xlsx
,,Mario Juarez,22/07/2006,Hombre,Americano,Countermovement Jump,2026-08-17 15:00:34.063,119.03,Trial 1,34.5,345.4,304.3,770,490,3679,3437,0.46,1301,1412,196,196,1351,1234,5111,5415,123063,106488,1412,1301,1263,1209,Sesion1,Americano.xlsx
,,Mario Juarez,22/07/2006,Hombre,Americano,Countermovement Jump,2026-08-17 15:00:34.063,119.03,Trial 2,33.5,337.1,344.8,-1500,2500,3626,3705,0.42,1304,1239,224,2,1186,1180,5220,5375,111974,108759,1239,1304,1231,1304,Sesion1,Americano.xlsx
,,Rocco Villarreal,16/09/2004,Hombre,Americano,Countermovement Jump,2026-08-17 14:59:23.480,90.82,Trial 1,46.6,252.2,234.2,0,0,3618,3637,0.64,1196,1244,2,0,1092,1048,4143,5367,447230,230191,1241,1192,1244,1196,Sesion1,Americano.xlsx
,,Rocco Villarreal,16/09/2004,Hombre,Americano,Countermovement Jump,2026-08-17 14:59:23.480,90.82,Trial 2,46.0,255.7,229.9,833,1833,4188,3806,0.65,1153,1322,10,6,1071,1030,3969,4483,320197,220525,1322,1153,1314,1142,Sesion1,Americano.xlsx
,,Mario Contreras,24/03/2006,Hombre,Americano,Countermovement Jump,2026-08-17 14:58:07.670,83.87,Trial 1,41.8,217.3,199.9,0,0,4933,3941,0.72,1067,1265,0,4,1046,996,2165,2557,53266,38669,1239,1067,1265,1065,Sesion1,Americano.xlsx
,,Mario Contreras,24/03/2006,Hombre,Americano,Countermovement Jump,2026-08-17 14:58:07.670,83.87,Trial 2,41.3,216.7,204.5,0,0,5083,4216,0.68,1096,1258,0,10,992,978,3003,3627,86351,68260,1244,1096,1258,1095,Sesion1,Americano.xlsx
,,Kharlo Antonio,19/01/2006,Hombre,Americano,Countermovement Jump,2026-08-17 14:52:30.177,143.48,Trial 1,32.5,371.0,379.0,2500,-1667,7199,7367,0.48,1920,1706,14,0,1411,1428,4719,3212,160588,393287,1706,1882,1684,1920,Sesion1,Americano.xlsx
,,Kharlo Antonio,19/01/2006,Hombre,Americano,Countermovement Jump,2026-08-17 14:52:30.177,143.48,Trial 2,33.9,370.6,395.2,0,0,7764,9525,0.5,1974,1782,2,0,1373,1452,4894,6683,556897,407870,1714,1938,1782,1974,Sesion1,Americano.xlsx
,,Kharlo Antonio,19/01/2006,Hombre,Americano,Countermovement Jump,2026-08-17 14:52:30.177,143.48,Trial 3,33.2,359.8,380.9,0,0,8730,10536,0.51,2101,1834,0,0,1362,1406,5420,4183,232376,387174,1816,2089,1834,2101,Sesion1,Americano.xlsx
,,Juan Meza,10/10/2006,Hombre,Americano,Countermovement Jump,2026-08-17 14:52:27.777,98.72,Trial 1,42.9,249.3,266.2,609,696,3910,4038,0.63,1279,1237,130,124,1133,1219,3605,4728,118191,75111,1237,1279,1151,1182,Sesion1,Americano.xlsx
,,Juan Meza,10/10/2006,Hombre,Americano,Countermovement Jump,2026-08-17 14:52:27.777,98.72,Trial 2,47.2,262.3,291.1,0,0,3812,4497,0.67,1401,1173,0,0,1088,1181,3841,4889,116396,112981,1171,1322,1173,1401,Sesion1,Americano.xlsx
,,Juan Meza,10/10/2006,Hombre,Americano,Countermovement Jump,2026-08-17 14:52:27.777,98.72,Trial 3,49.1,262.1,283.3,0,0,4777,5018,0.73,1381,1308,6,0,1136,1247,3398,3748,98622,99951,1308,1373,1307,1381,Sesion1,Americano.xlsx
,,Ruben Rodriguez,11/07/2005,Hombre,Americano,Countermovement Jump,2026-08-17 14:51:13.713,104.39,Trial 1,45.4,267.5,295.3,759,247,4899,5492,0.7,1414,1332,156,162,1242,1356,2554,3401,113359,67222,1332,1414,1216,1405,Sesion1,Americano.xlsx
,,Ruben Rodriguez,11/07/2005,Hombre,Americano,Countermovement Jump,2026-08-17 14:51:13.713,104.39,Trial 2,45.6,267.8,304.9,-238,280,5369,4992,0.69,1367,1351,0,176,1176,1316,3393,3899,139241,130517,1330,1367,1351,1319,Sesion1,Americano.xlsx
,,Renzo Bibiano,16/12/2001,Hombre,Americano,Countermovement Jump,2026-08-17 14:50:54.643,85.46,Trial 1,43.6,234.6,226.8,0,0,4074,4355,0.62,1130,1210,0,0,976,971,3679,4550,379136,262810,1180,1117,1210,1130,Sesion1,Americano.xlsx
,,Renzo Bibiano,16/12/2001,Hombre,Americano,Countermovement Jump,2026-08-17 14:50:54.643,85.46,Trial 2,46.1,237.5,235.5,0,0,5086,4109,0.69,1094,1248,0,0,949,992,1739,2612,145091,72472,1248,1087,1248,1094,Sesion1,Americano.xlsx
,,Renzo Bibiano,16/12/2001,Hombre,Americano,Countermovement Jump,2026-08-17 14:50:54.643,85.46,Trial 3,45.0,237.8,234.2,0,0,4135,3560,0.64,1228,1165,0,0,911,903,4527,2191,121702,282959,1162,1211,1165,1228,Sesion1,Americano.xlsx
,,Fernando Sarabia,29/11/2003,Hombre,Americano,Countermovement Jump,2026-08-17 15:44:25.760,102.03,Trial 1,35.4,239.9,244.9,1162,-149,4833,4564,0.56,1378,1322,90,24,1178,1172,6605,6320,451397,471780,1322,1378,1231,1360,Sesion1,Americano.xlsx
,,Fernando Sarabia,29/11/2003,Hombre,Americano,Countermovement Jump,2026-08-17 15:43:07.443,102.4,Trial 1,35.5,244.7,247.2,1333,0,5879,4639,0.61,1316,1376,6,4,1175,1193,2429,4186,298969,33735,1376,1316,1369,1316,Sesion1,Americano.xlsx
,,Ivan Covarrubias,28/06/2001,Hombre,Americano,Countermovement Jump,2026-08-17 15:42:29.977,94.61,Trial 1,41.6,231.7,223.3,-62,1812,6472,5914,0.74,1380,1431,0,26,1164,1168,3691,5120,213353,115329,1431,1380,1431,1344,Sesion1,Americano.xlsx
,,Ivan Covarrubias,28/06/2001,Hombre,Americano,Countermovement Jump,2026-08-17 15:42:29.977,94.61,Trial 2,44.9,238.9,233.4,0,1000,6718,6464,0.77,1453,1537,0,2,1114,1161,3801,4631,178134,135733,1523,1449,1537,1453,Sesion1,Americano.xlsx
,,Ivan Covarrubias,28/06/2001,Hombre,Americano,Countermovement Jump,2026-08-17 15:42:29.977,94.61,Trial 3,45.2,232.6,232.3,1500,0,6841,6569,0.78,1482,1532,2,0,1168,1236,2932,4278,194477,104697,1524,1482,1532,1482,Sesion1,Americano.xlsx
,,Daniel Santos,01/01/1980,Hombre,Americano,Countermovement Jump,2026-08-17 15:35:51.883,87.72,Trial 1,47.3,237.5,228.7,306,2361,5051,4303,0.68,1185,1230,18,58,1050,1034,6693,5249,328074,836628,1230,1185,1211,1087,Sesion1,Americano.xlsx
,,Daniel Santos,01/01/1980,Hombre,Americano,Countermovement Jump,2026-08-17 15:35:51.883,87.72,Trial 2,49.3,236.4,243.9,125,1375,4241,4453,0.68,1241,1188,4,18,1002,1032,4170,4574,254122,260626,1188,1241,1185,1218,Sesion1,Americano.xlsx
,,Andres Garcia,02/09/2005,Hombre,Americano,Countermovement Jump,2026-08-17 15:35:07.317,93.59,Trial 1,41.5,244.2,254.1,949,-45,2741,3772,0.57,1197,1150,162,0,1100,1114,2263,2203,57976,47141,1150,1196,998,1197,Sesion1,Americano.xlsx
,,Fernando Tonda,13/02/2007,Hombre,Americano,Countermovement Jump,2026-08-17 15:34:33.793,89.26,Trial 1,44.8,228.9,218.2,250,2625,5845,5803,0.75,1342,1322,52,14,1167,1100,3041,2663,60527,72405,1322,1342,1301,1300,Sesion1,Americano.xlsx
,,Fernando Tonda,13/02/2007,Hombre,Americano,Countermovement Jump,2026-08-17 15:34:33.793,89.26,Trial 2,45.3,213.6,220.6,1786,71,5914,6776,0.8,1476,1359,34,8,1119,1143,3880,3444,78277,97001,1359,1476,1327,1472,Sesion1,Americano.xlsx
,,Homero Montano,23/01/2006,Hombre,Americano,Countermovement Jump,2026-08-17 15:32:29.123,84.55,Trial 1,45.0,241.4,245.1,0,0,2751,2713,0.57,1000,1035,0,8,922,956,4455,4668,389016,318216,1033,999,1035,1000,Sesion1,Americano.xlsx
,,Homero Montano,23/01/2006,Hombre,Americano,Countermovement Jump,2026-08-17 15:32:29.123,84.55,Trial 2,45.3,237.1,242.7,600,600,2545,2693,0.57,1014,1017,12,184,918,956,4616,3789,270656,461602,1017,1014,1010,994,Sesion1,Americano.xlsx
,,Diego Galván,01/10/2007,Hombre,Americano,Countermovement Jump,2026-08-17 15:27:27.847,83.36,Trial 1,28.4,179.2,189.6,1647,1088,4183,4269,0.44,1183,1113,46,32,871,909,1579,1854,31969,31580,1113,1183,1054,1146,Sesion1,Americano.xlsx
,,Diego Galván,01/10/2007,Hombre,Americano,Countermovement Jump,2026-08-17 15:27:27.847,83.36,Trial 2,26.9,184.8,186.1,0,0,5448,5722,0.43,1302,1275,0,0,815,807,2182,2695,67380,43640,1204,1254,1275,1302,Sesion1,Americano.xlsx
,,Diego Galván,01/10/2007,Hombre,Americano,Countermovement Jump,2026-08-17 15:27:27.847,83.36,Trial 3,27.9,178.9,178.6,1471,382,4422,4595,0.46,1177,1156,56,32,936,917,2291,1972,30815,39500,1156,1177,1099,1164,Sesion1,Americano.xlsx
,,Jose Cantu,04/10/2004,Hombre,Americano,Countermovement Jump,2026-08-17 15:21:38.233,101.22,Trial 1,41.4,265.2,260.6,1826,1356,3848,4226,0.61,1327,1363,132,136,1238,1240,5094,5346,381840,424537,1363,1327,1122,1147,Sesion1,Americano.xlsx
,,Jose Cantu,04/10/2004,Hombre,Americano,Countermovement Jump,2026-08-17 15:21:38.233,101.22,Trial 2,42.7,262.2,255.1,2800,2292,3845,3829,0.63,1399,1452,130,130,1319,1292,3894,4482,320126,121701,1452,1399,1088,1101,Sesion1,Americano.xlsx
,,Isaac  Sánchez ,17/05/2008,Hombre,Americano,Countermovement Jump,2026-08-17 15:20:03.073,131.95,Trial 1,28.1,348.8,344.9,426,-53,3373,3577,0.36,1368,1412,178,12,1315,1315,2655,3447,41033,30175,1412,1368,1331,1361,Sesion1,Americano.xlsx
,,Isaac  Sánchez ,17/05/2008,Hombre,Americano,Countermovement Jump,2026-08-17 15:20:03.073,131.95,Trial 2,27.9,362.5,343.6,0,0,4336,4176,0.37,1469,1515,0,0,1240,1201,5536,4215,81053,110729,1506,1451,1515,1469,Sesion1,Americano.xlsx
,,Gonzalo  Aguirre,18/06/2008,Hombre,Americano,Countermovement Jump,2026-08-17 15:18:15.507,83.43,Trial 1,31.9,188.7,188.6,0,0,4447,6081,0.54,1272,1160,2,0,982,966,5699,5601,254580,284972,1160,1271,1159,1272,Sesion1,Americano.xlsx
,,Gonzalo  Aguirre,18/06/2008,Hombre,Americano,Countermovement Jump,2026-08-17 15:18:15.507,83.43,Trial 2,34.0,196.5,203.4,0,0,5551,4059,0.56,1250,1216,0,0,883,893,4873,4993,356626,304590,1208,1240,1216,1250,Sesion1,Americano.xlsx
,,Gonzalo  Aguirre,18/06/2008,Hombre,Americano,Countermovement Jump,2026-08-17 15:18:15.507,83.43,Trial 3,32.8,192.1,198.3,0,0,6025,5915,0.57,1268,1252,0,0,888,908,5636,4455,278423,402603,1243,1252,1252,1268,Sesion1,Americano.xlsx
,,Emiliano Guedea,07/07/2007,Hombre,Americano,Countermovement Jump,2026-08-17 15:17:45.620,95.95,Trial 1,37.6,246.2,236.8,1500,1000,3825,3651,0.54,1218,1315,4,2,1118,1120,4521,5906,164058,118968,1315,1217,1310,1218,Sesion1,Americano.xlsx
,,Emiliano Guedea,07/07/2007,Hombre,Americano,Countermovement Jump,2026-08-17 15:17:45.620,95.95,Trial 2,38.9,263.6,261.6,1250,1250,3476,3408,0.47,1168,1237,4,4,999,1016,5088,4875,143385,149640,1237,1168,1232,1163,Sesion1,Americano.xlsx
,,Emiliano Guedea,07/07/2007,Hombre,Americano,Countermovement Jump,2026-08-17 15:17:45.620,95.95,Trial 3,40.7,258.5,260.5,0,0,3954,4674,0.58,1289,1255,0,4,991,1001,3788,3077,69934,90185,1255,1289,1255,1288,Sesion1,Americano.xlsx
,,Diego Zuniga,22/06/2007,Hombre,Americano,Countermovement Jump,2026-08-17 15:16:49.557,141.25,Trial 1,23.7,331.2,337.6,0,0,5401,5369,0.35,1801,1754,0,0,1364,1439,5904,5573,278638,421746,1746,1772,1754,1801,Sesion1,Americano.xlsx
,,Diego Zuniga,22/06/2007,Hombre,Americano,Countermovement Jump,2026-08-17 15:16:49.557,141.25,Trial 2,24.0,338.8,353.6,0,0,5830,5480,0.33,1790,1807,0,0,1325,1410,4390,4977,414730,274403,1755,1733,1807,1790,Sesion1,Americano.xlsx
,,Arsemio Salmones,11/02/2003,Hombre,Americano,Countermovement Jump,2026-08-17 15:13:57.220,95.45,Trial 1,43.8,237.6,249.4,1500,-500,5122,4962,0.69,1418,1324,8,0,1170,1226,2634,2607,48279,47032,1324,1408,1320,1418,Sesion1,Americano.xlsx
,,Arsemio Salmones,11/02/2003,Hombre,Americano,Countermovement Jump,2026-08-17 15:13:57.220,95.45,Trial 2,44.8,235.0,252.2,500,500,5412,5599,0.71,1436,1338,14,2,1114,1192,3161,2874,75634,79019,1338,1423,1331,1436,Sesion1,Americano.xlsx
,,Arsemio Salmones,11/02/2003,Hombre,Americano,Countermovement Jump,2026-08-17 15:13:57.220,95.45,Trial 3,46.7,255.4,255.5,0,0,4298,4707,0.7,1409,1369,2,0,1134,1146,2461,2352,53456,64757,1356,1371,1369,1409,Sesion1,Americano.xlsx
,,Alvaro Canales,19/01/2006,Hombre,Americano,Countermovement Jump,2026-08-17 15:13:44.247,130.67,Trial 1,28.6,305.1,364.4,0,0,4094,3956,0.36,1560,1456,0,4,1218,1375,4852,4734,157792,161748,1446,1560,1456,1559,Sesion1,Americano.xlsx
,,Alvaro Canales,19/01/2006,Hombre,Americano,Countermovement Jump,2026-08-17 15:13:44.247,130.67,Trial 2,28.3,314.3,353.9,0,0,4615,4574,0.37,1620,1607,0,0,1204,1317,5854,4873,243638,292722,1532,1584,1607,1620,Sesion1,Americano.xlsx
,,Ernesto Guevara,05/10/2005,Hombre,Americano,Countermovement Jump,2026-08-17 15:10:44.930,89.96,Trial 1,39.2,250.6,233.1,-143,2214,3468,3247,0.51,1077,1144,6,18,1019,953,3443,3235,115527,122980,1144,1077,1142,1043,Sesion1,Americano.xlsx
,,Ernesto Guevara,05/10/2005,Hombre,Americano,Countermovement Jump,2026-08-17 15:10:44.930,89.96,Trial 2,42.6,248.3,272.9,0,0,3215,3348,0.48,1171,1084,0,0,875,984,4724,4813,343769,295278,1076,1161,1084,1171,Sesion1,Americano.xlsx
,,Emiliano Rodríguez,21/09/2004,Hombre,Americano,Countermovement Jump,2026-08-17 15:04:21.140,81.89,Trial 1,40.3,191.4,212.7,1188,1259,2986,3301,0.63,1151,1037,110,98,970,1045,2639,3850,320813,188532,1037,1151,904,1007,Sesion1,Americano.xlsx
,,Emiliano Rodríguez,21/09/2004,Hombre,Americano,Countermovement Jump,2026-08-17 15:04:21.140,81.89,Trial 2,41.0,191.1,217.4,637,676,2972,3565,0.65,1136,987,102,98,942,1030,3309,3720,309980,275787,987,1136,922,1069,Sesion1,Americano.xlsx
,,Alejandro Elizondo,04/09/2005,Hombre,Americano,Countermovement Jump,2026-08-17 15:00:01.053,76.92,Trial 1,43.1,217.8,228.8,0,0,4264,4106,0.58,1143,1052,0,0,743,813,2383,1972,35208,44136,1049,1136,1052,1143,Sesion1,Americano.xlsx
,,Alejandro Elizondo,04/09/2005,Hombre,Americano,Countermovement Jump,2026-08-17 15:00:01.053,76.92,Trial 2,49.4,230.2,220.5,0,0,5294,4496,0.69,1180,1172,2,0,824,775,2424,2853,57053,46622,1159,1169,1172,1180,Sesion1,Americano.xlsx
,,Alejandro Elizondo,04/09/2005,Hombre,Americano,Countermovement Jump,2026-08-17 15:00:01.053,76.92,Trial 3,48.6,223.5,213.9,0,0,4905,4808,0.7,1225,1149,0,0,862,802,4073,4660,145614,119804,1144,1214,1149,1225,Sesion1,Americano.xlsx
,,Angel Hinojosa,13/10/2007,Hombre,Americano,Countermovement Jump,2026-08-17 14:58:17.933,88.42,Trial 1,40.4,238.3,261.1,2143,-2036,2837,4659,0.52,1274,929,40,0,898,885,5552,4697,391386,555234,929,1266,914,1274,Sesion1,Americano.xlsx
,,Angel Hinojosa,13/10/2007,Hombre,Americano,Countermovement Jump,2026-08-17 14:58:17.933,88.42,Trial 2,40.2,234.0,258.6,0,0,3533,5542,0.55,1337,991,24,0,918,915,2689,4435,277165,112056,991,1335,973,1337,Sesion1,Americano.xlsx
,,Diego Ponce,20/12/2003,Hombre,Americano,Countermovement Jump,2026-08-17 14:57:03.457,133.32,Trial 1,29.1,307.3,350.8,0,0,5283,6003,0.39,1865,1681,2,0,1218,1367,5456,6168,192743,170514,1681,1865,1675,1865,Sesion1,Americano.xlsx
,,Diego Ponce,20/12/2003,Hombre,Americano,Countermovement Jump,2026-08-17 14:57:03.457,133.32,Trial 2,28.6,305.5,351.5,0,2000,5642,7151,0.42,1877,1657,8,4,1195,1337,7612,8215,586769,422913,1657,1877,1656,1872,Sesion1,Americano.xlsx
,,Fernando  Mayen ,08/11/2003,Hombre,Americano,Countermovement Jump,2026-08-17 14:56:42.050,94.86,Trial 1,48.8,253.0,291.2,0,0,4723,4477,0.67,1426,1336,0,0,988,1084,2157,3366,168282,67417,1294,1414,1336,1426,Sesion1,Americano.xlsx
,,Fernando  Mayen ,08/11/2003,Hombre,Americano,Countermovement Jump,2026-08-17 14:56:42.050,94.86,Trial 2,47.8,272.9,267.4,0,0,5262,3748,0.64,1242,1346,6,0,982,1005,2118,2398,99902,62304,1346,1234,1345,1242,Sesion1,Americano.xlsx
,,Fernando  Mayen ,08/11/2003,Hombre,Americano,Countermovement Jump,2026-08-17 14:56:42.050,94.86,Trial 3,50.4,254.7,280.5,0,0,4945,4659,0.76,1560,1450,0,0,985,1033,3113,2722,170102,141515,1432,1560,1450,1560,Sesion1,Americano.xlsx
,,Carlos Martinez,06/04/2004,Hombre,Americano,Countermovement Jump,2026-08-17 14:55:28.197,87.62,Trial 1,42.9,229.9,253.4,0,0,2680,3845,0.59,1258,1031,0,0,925,934,2674,2964,47803,191032,1015,1255,1031,1258,Sesion1,Americano.xlsx
,,Carlos Martinez,06/04/2004,Hombre,Americano,Countermovement Jump,2026-08-17 14:55:28.197,87.62,Trial 2,43.3,224.0,251.5,0,0,2949,4023,0.63,1261,1099,0,14,918,968,4534,4058,289840,323889,1080,1261,1099,1259,Sesion1,Americano.xlsx
,,Carlos Martinez,06/04/2004,Hombre,Americano,Countermovement Jump,2026-08-17 14:55:28.197,87.62,Trial 3,44.1,223.2,252.7,0,0,3367,4351,0.65,1283,1066,0,0,922,993,3044,3792,270840,190278,1061,1278,1066,1283,Sesion1,Americano.xlsx
,,Daniel Santos,01/01/1980,Hombre,Americano,Countermovement Jump,2026-08-17 14:54:40.040,88.05,Trial 1,48.4,237.5,218.2,556,2537,6520,4428,0.76,1241,1365,24,62,1089,1038,4664,4249,141621,179398,1365,1241,1321,1101,Sesion1,Americano.xlsx
,,Daniel Santos,01/01/1980,Hombre,Americano,Countermovement Jump,2026-08-17 14:54:40.040,88.05,Trial 2,47.4,237.6,242.4,-600,1500,4817,4550,0.69,1165,1313,0,18,982,1050,7214,5923,592264,721434,1311,1165,1313,1141,Sesion1,Americano.xlsx
,,Daniel Santos,01/01/1980,Hombre,Americano,Countermovement Jump,2026-08-17 14:54:40.040,88.05,Trial 3,48.7,240.6,228.9,2096,2981,5035,4189,0.7,1239,1287,52,60,1052,1006,5544,5784,413117,462028,1287,1239,1178,1081,Sesion1,Americano.xlsx
,,Braulio Villeda,08/06/2006,Hombre,Americano,Countermovement Jump,2026-08-17 14:54:02.520,133.69,Trial 1,26.4,309.9,344.3,0,0,9103,7962,0.37,1705,1642,0,0,1265,1366,3519,3991,285054,175972,1579,1697,1642,1705,Sesion1,Americano.xlsx
,,Braulio Villeda,08/06/2006,Hombre,Americano,Countermovement Jump,2026-08-17 14:54:02.520,133.69,Trial 2,31.1,355.9,341.9,2000,-500,5260,4544,0.4,1562,1623,2,0,1318,1254,3353,1928,30121,57818,1623,1559,1622,1562,Sesion1,Americano.xlsx
,,Braulio Villeda,08/06/2006,Hombre,Americano,Countermovement Jump,2026-08-17 14:54:02.520,133.69,Trial 3,28.4,335.0,343.7,1000,0,5902,5662,0.39,1680,1691,2,0,1216,1239,2865,2600,43329,51169,1691,1679,1690,1680,Sesion1,Americano.xlsx
225,,Andrea Velazquez,14/04/2006,Mujer ,Atletismo,Countermovement Jump,2026-08-31 17:43:09.753,48.96,Trial 1,34.8,125.7,127.9,-1000,2000,2287,2099,0.52,691,667,0,2,486,475,1488,1627,162699,106253,660,687,667,691,Sesion1,AtletismoSalto_Femenil.xlsx
225,,Andrea Velazquez,14/04/2006,Mujer ,Atletismo,Countermovement Jump,2026-08-31 17:43:09.753,48.96,Trial 2,34.2,122.0,128.9,0,0,2478,2075,0.5,685,692,0,0,469,484,1103,1594,132833,78753,685,681,692,685,Sesion1,AtletismoSalto_Femenil.xlsx
225,,Andrea Velazquez,14/04/2006,Mujer ,Atletismo,Countermovement Jump,2026-08-31 17:43:09.753,48.96,Trial 3,34.2,127.6,126.5,500,0,2210,1898,0.49,668,695,2,0,467,474,1317,1487,148699,94039,691,656,695,668,Sesion1,AtletismoSalto_Femenil.xlsx
224,,Ana Frijling,21/08/2007,Mujer ,Atletismo,Countermovement Jump,2026-08-31 17:42:55.227,67.3,Trial 1,36.7,182.8,179.0,0,0,2277,2646,0.48,869,770,6,0,703,668,1765,1112,17373,40122,770,863,769,869,Sesion1,AtletismoSalto_Femenil.xlsx
224,,Ana Frijling,21/08/2007,Mujer ,Atletismo,Countermovement Jump,2026-08-31 17:42:55.227,67.3,Trial 2,34.0,176.6,167.9,0,0,2559,2848,0.47,870,837,0,0,718,672,1911,1342,18637,32955,832,860,837,870,Sesion1,AtletismoSalto_Femenil.xlsx
224,,Ana Frijling,21/08/2007,Mujer ,Atletismo,Countermovement Jump,2026-08-31 17:42:55.227,67.3,Trial 3,36.6,183.9,175.5,0,0,2890,3076,0.5,885,889,0,0,712,682,1130,1066,20498,20185,871,868,889,885,Sesion1,AtletismoSalto_Femenil.xlsx
219,,Jimena Ordaz,18/02/2006,Mujer ,Atletismo,Countermovement Jump,2026-08-31 17:31:41.540,61.49,Trial 1,42.5,160.5,178.8,1000,1500,2149,2395,0.55,855,771,2,2,631,689,1704,1682,29000,35490,770,851,771,855,Sesion1,AtletismoSalto_Femenil.xlsx
219,,Jimena Ordaz,18/02/2006,Mujer ,Atletismo,Countermovement Jump,2026-08-31 17:31:41.540,61.49,Trial 2,43.5,158.3,177.4,0,0,2239,2242,0.55,839,778,0,8,648,710,1344,1465,22891,20993,775,839,778,837,Sesion1,AtletismoSalto_Femenil.xlsx
219,,Jimena Ordaz,18/02/2006,Mujer ,Atletismo,Countermovement Jump,2026-08-31 17:31:41.540,61.49,Trial 3,44.4,165.3,179.5,0,0,2377,2467,0.55,856,762,0,0,643,673,1644,1129,16603,27392,758,847,762,856,Sesion1,AtletismoSalto_Femenil.xlsx
218,,Esmeralda Nunez,10/01/2004,Mujer ,Atletismo,Countermovement Jump,2026-08-31 17:29:55.913,57.28,Trial 1,34.0,137.3,150.6,250,1500,2474,3016,0.52,808,698,6,4,587,619,1672,2368,169176,64297,696,808,698,807,Sesion1,AtletismoSalto_Femenil.xlsx
218,,Esmeralda Nunez,10/01/2004,Mujer ,Atletismo,Countermovement Jump,2026-08-31 17:29:55.913,57.28,Trial 2,34.5,138.3,155.4,0,0,2186,2413,0.48,807,699,0,0,560,612,1452,1602,80123,55836,694,804,699,807,Sesion1,AtletismoSalto_Femenil.xlsx
218,,Esmeralda Nunez,10/01/2004,Mujer ,Atletismo,Countermovement Jump,2026-08-31 17:29:55.913,57.28,Trial 3,33.9,140.3,152.0,0,0,2738,2872,0.49,838,708,2,0,563,590,1766,1518,58403,67913,695,818,708,838,Sesion1,AtletismoSalto_Femenil.xlsx
227,,Sofia Varela,30/05/2005,Mujer ,Atletismo,Countermovement Jump,2026-08-31 17:47:25.597,77.53,Trial 1,32.2,212.7,208.7,0,0,2681,2242,0.42,931,936,0,0,717,682,2035,2708,150444,127159,924,919,936,931,Sesion1,AtletismoSalto_Femenil.xlsx
227,,Sofia Varela,30/05/2005,Mujer ,Atletismo,Countermovement Jump,2026-08-31 17:47:25.597,77.53,Trial 2,32.1,224.0,212.8,0,0,2356,2246,0.39,884,949,0,0,716,674,2105,2533,140722,131534,934,869,949,884,Sesion1,AtletismoSalto_Femenil.xlsx
227,,Sofia Varela,30/05/2005,Mujer ,Atletismo,Countermovement Jump,2026-08-31 17:47:25.597,77.53,Trial 3,32.0,227.8,209.4,0,0,2695,2571,0.4,931,963,0,0,720,662,1966,2005,125312,109197,944,897,963,931,Sesion1,AtletismoSalto_Femenil.xlsx
222,,Luz Ramírez ,25/01/2007,Mujer ,Atletismo,Countermovement Jump,2026-08-31 17:39:23.740,60.01,Trial 1,25.6,123.1,121.3,1857,2268,3553,3389,0.5,834,835,60,46,730,713,1049,1610,30960,16925,835,834,728,702,Sesion1,AtletismoSalto_Femenil.xlsx
222,,Luz Ramírez ,25/01/2007,Mujer ,Atletismo,Countermovement Jump,2026-08-31 17:39:23.740,60.01,Trial 2,25.3,127.4,119.6,2425,2025,3237,3312,0.49,833,828,52,40,703,654,1383,1080,17998,25618,828,833,729,752,Sesion1,AtletismoSalto_Femenil.xlsx
222,,Luz Ramírez ,25/01/2007,Mujer ,Atletismo,Countermovement Jump,2026-08-31 17:39:23.740,60.01,Trial 3,25.8,128.8,124.3,2050,1500,2967,3287,0.5,820,801,52,40,686,655,1610,922,24260,57513,801,820,716,760,Sesion1,AtletismoSalto_Femenil.xlsx
223,,Renata Rodriguez,02/04/2008,Mujer ,Atletismo,Countermovement Jump,2026-08-31 17:39:19.553,58.3,Trial 1,35.3,151.7,160.0,0,0,1795,2802,0.47,736,677,6,0,588,581,1309,1259,39344,38487,677,731,677,736,Sesion1,AtletismoSalto_Femenil.xlsx
223,,Renata Rodriguez,02/04/2008,Mujer ,Atletismo,Countermovement Jump,2026-08-31 17:39:19.553,58.3,Trial 2,37.6,157.7,162.8,500,750,1815,1926,0.49,732,664,4,4,601,572,1053,1338,31857,23921,664,730,662,732,Sesion1,AtletismoSalto_Femenil.xlsx
223,,Renata Rodriguez,02/04/2008,Mujer ,Atletismo,Countermovement Jump,2026-08-31 17:39:19.553,58.3,Trial 3,35.4,156.2,160.2,3500,2000,2055,1970,0.47,707,658,2,6,594,578,1331,1226,34055,39134,658,707,656,707,Sesion1,AtletismoSalto_Femenil.xlsx
221,,Sofía Alexandra Medina Félix,03/11/2003,Mujer ,Atletismo,Countermovement Jump,2026-08-31 17:34:57.087,57.47,Trial 1,40.5,147.2,151.5,0,0,2566,2543,0.6,786,760,0,0,639,649,1347,1456,38316,35435,742,765,760,786,Sesion1,AtletismoSalto_Femenil.xlsx
221,,Sofía Alexandra Medina Félix,03/11/2003,Mujer ,Atletismo,Countermovement Jump,2026-08-31 17:34:57.087,57.47,Trial 2,41.4,162.8,152.7,0,0,2476,2617,0.59,782,782,0,0,655,638,1286,1328,33200,24722,766,745,782,782,Sesion1,AtletismoSalto_Femenil.xlsx
221,,Sofía Alexandra Medina Félix,03/11/2003,Mujer ,Atletismo,Countermovement Jump,2026-08-31 17:34:57.087,57.47,Trial 3,40.8,154.3,153.8,500,0,2809,2923,0.56,790,784,2,0,635,621,1301,1199,26065,30965,774,773,784,790,Sesion1,AtletismoSalto_Femenil.xlsx
228,,Arturo Carrasco,28/09/2007,Hombre,Atletismo,Countermovement Jump,2026-08-31 17:51:12.860,73.16,Trial 1,42.5,207.5,196.2,0,0,3342,3420,0.59,958,1058,0,0,822,741,3301,3165,175833,206284,1011,958,1058,958,Sesion1,AtletismoSalto_Varonil.xlsx
228,,Arturo Carrasco,28/09/2007,Hombre,Atletismo,Countermovement Jump,2026-08-31 17:51:12.860,73.16,Trial 2,42.6,202.7,195.2,0,0,3788,3862,0.62,1053,1065,0,0,821,748,3351,2769,125863,186141,1035,1042,1065,1053,Sesion1,AtletismoSalto_Varonil.xlsx
228,,Arturo Carrasco,28/09/2007,Hombre,Atletismo,Countermovement Jump,2026-08-31 17:51:12.860,73.16,Trial 3,41.8,198.1,191.8,0,0,4986,4054,0.63,1065,1088,0,0,838,780,3344,3129,195562,185752,1065,1053,1088,1065,Sesion1,AtletismoSalto_Varonil.xlsx
229,,Samuel Gonzalez,05/02/2007,Hombre ,Atletismo,Countermovement Jump,2026-08-31 17:51:55.017,81.02,Trial 1,55.0,220.2,223.6,417,583,3739,3859,0.79,1161,1140,12,12,979,970,4318,5328,190282,134935,1140,1161,1135,1154,Sesion1,AtletismoSalto_Varonil.xlsx
229,,Samuel Gonzalez,05/02/2007,Hombre ,Atletismo,Countermovement Jump,2026-08-31 17:51:55.017,81.02,Trial 2,55.6,220.7,221.0,0,0,4863,4756,0.89,1304,1250,0,0,995,976,5448,4147,230382,389136,1242,1304,1250,1304,Sesion1,AtletismoSalto_Varonil.xlsx
229,,Samuel Gonzalez,05/02/2007,Hombre ,Atletismo,Countermovement Jump,2026-08-31 17:51:55.017,81.02,Trial 3,55.3,217.3,226.7,0,0,4669,4988,0.87,1321,1201,0,0,981,979,5312,5709,356805,442659,1179,1308,1201,1321,Sesion1,AtletismoSalto_Varonil.xlsx
226,,Jose Robles,12/09/2006,Hombre ,Atletismo,Countermovement Jump,2026-08-31 17:48:13.703,71.73,Trial 1,48.0,188.4,196.6,0,0,3752,4173,0.69,1120,928,26,0,841,873,3714,3597,99914,109246,928,1085,919,1120,Sesion1,AtletismoSalto_Varonil.xlsx
226,,Jose Robles,12/09/2006,Hombre ,Atletismo,Countermovement Jump,2026-08-31 17:48:13.703,71.73,Trial 2,47.7,183.0,198.9,0,0,3758,4355,0.7,1134,1020,0,0,831,891,2701,3522,97830,64318,1016,1113,1020,1134,Sesion1,AtletismoSalto_Varonil.xlsx
226,,Jose Robles,12/09/2006,Hombre ,Atletismo,Countermovement Jump,2026-08-31 17:48:13.703,71.73,Trial 3,46.0,179.8,192.0,3500,-2000,4047,4557,0.68,1202,966,14,0,847,895,2446,2716,71471,58247,966,1137,951,1202,Sesion1,AtletismoSalto_Varonil.xlsx
220,,Rodrigo Castellanos,26/04/2008,Hombre ,Atletismo,Countermovement Jump,2026-08-31 17:35:42.733,69.88,Trial 1,40.7,188.5,173.7,-333,1750,2623,1966,0.56,842,979,2,50,803,772,2638,1676,21490,38799,978,842,979,794,Sesion1,AtletismoSalto_Varonil.xlsx
220,,Rodrigo Castellanos,26/04/2008,Hombre ,Atletismo,Countermovement Jump,2026-08-31 17:35:42.733,69.88,Trial 2,39.6,185.4,182.0,38,615,2301,2006,0.53,847,881,24,26,787,748,1793,2476,34392,23597,881,847,881,831,Sesion1,AtletismoSalto_Varonil.xlsx
220,,Rodrigo Castellanos,26/04/2008,Hombre ,Atletismo,Countermovement Jump,2026-08-31 17:35:42.733,69.88,Trial 3,41.0,195.8,179.3,-400,1000,2386,1853,0.54,845,970,0,28,784,728,1922,1909,22200,24029,970,845,970,824,Sesion1,AtletismoSalto_Varonil.xlsx
217,,Maximiliano Nunez,29/07/2005,Hombre ,Atletismo,Countermovement Jump,2026-08-31 17:28:31.303,81.36,Trial 1,52.4,220.6,227.8,600,2000,3261,3580,0.75,1181,1121,26,10,940,961,1980,1666,29750,35349,1121,1181,1113,1161,Sesion1,AtletismoSalto_Varonil.xlsx
217,,Maximiliano Nunez,29/07/2005,Hombre ,Atletismo,Countermovement Jump,2026-08-31 17:28:31.303,81.36,Trial 2,51.4,217.1,226.0,0,2000,4011,4402,0.77,1149,1144,2,14,969,1011,1888,2078,35828,31459,1141,1149,1144,1133,Sesion1,AtletismoSalto_Varonil.xlsx
217,,Maximiliano Nunez,29/07/2005,Hombre ,Atletismo,Countermovement Jump,2026-08-31 17:28:31.303,81.36,Trial 3,52.8,218.4,225.5,0,1500,4701,4864,0.79,1224,1193,4,10,964,985,2483,1907,30758,49651,1193,1224,1192,1214,Sesion1,AtletismoSalto_Varonil.xlsx
174,C100,Isabella Fernández ,15/05/2008,Mujer,Atletismo,Countermovement Jump,2026-08-24 17:56:08.523,57.25,Trial 1,38.2,158.8,138.7,2583,417,1378,1377,0.49,668,726,18,6,676,608,2004,1618,38517,43573,726,668,694,662,Sesion1,AtletismoVelocidad_Femenil.xlsx
174,C100,Isabella Fernández ,15/05/2008,Mujer,Atletismo,Countermovement Jump,2026-08-24 17:56:08.523,57.25,Trial 2,38.6,144.8,132.3,500,-250,3188,2957,0.64,783,878,2,0,692,647,2276,1967,89396,103471,878,783,876,783,Sesion1,AtletismoVelocidad_Femenil.xlsx
174,C100,Isabella Fernández ,15/05/2008,Mujer,Atletismo,Countermovement Jump,2026-08-24 17:56:08.523,57.25,Trial 3,39.0,147.4,141.9,2500,500,3141,3189,0.63,761,830,2,2,658,646,2234,1946,60803,69824,829,758,830,761,Sesion1,AtletismoVelocidad_Femenil.xlsx
173,C062,Camila Segura,30/03/2003,Mujer,Atletismo,Countermovement Jump,2026-08-24 17:54:27.470,62.44,Trial 1,39.3,152.0,154.1,115,923,2342,3330,0.55,827,819,12,28,708,728,1558,1539,28493,27824,819,827,808,802,Sesion1,AtletismoVelocidad_Femenil.xlsx
173,C062,Camila Segura,30/03/2003,Mujer,Atletismo,Countermovement Jump,2026-08-24 17:54:27.470,62.44,Trial 2,38.3,147.8,158.8,133,100,4071,2640,0.54,854,799,52,30,679,728,933,1664,27727,12961,799,832,794,854,Sesion1,AtletismoVelocidad_Femenil.xlsx
173,C062,Camila Segura,30/03/2003,Mujer,Atletismo,Countermovement Jump,2026-08-24 17:54:27.470,62.44,Trial 3,38.9,153.3,157.7,1000,250,2640,3053,0.54,825,762,12,8,708,705,1398,978,13966,21846,762,825,751,825,Sesion1,AtletismoVelocidad_Femenil.xlsx
171,C063,Alejandra Urias,04/07/2006,Mujer,Atletismo,Countermovement Jump,2026-08-24 17:48:26.713,57.29,Trial 1,31.7,130.8,147.1,40,147,2572,2923,0.5,717,649,148,158,605,706,1484,1934,69058,53006,649,717,643,691,Sesion1,AtletismoVelocidad_Femenil.xlsx
171,C063,Alejandra Urias,04/07/2006,Mujer,Atletismo,Countermovement Jump,2026-08-24 17:48:26.713,57.29,Trial 2,30.2,131.7,139.6,-62,267,2884,2350,0.46,718,658,8,146,607,674,1677,1568,87090,167717,658,718,657,690,Sesion1,AtletismoVelocidad_Femenil.xlsx
171,C063,Alejandra Urias,04/07/2006,Mujer,Atletismo,Countermovement Jump,2026-08-24 17:48:26.713,57.29,Trial 3,30.5,135.2,155.1,0,0,2492,2384,0.43,705,679,0,0,545,638,1375,2203,157330,49113,663,694,679,705,Sesion1,AtletismoVelocidad_Femenil.xlsx
176,C065,Miranda Gutierrez,01/04/2007,Mujer,Atletismo,Countermovement Jump,2026-08-24 17:56:48.223,51.63,Trial 1,33.1,123.9,139.0,1012,765,1094,1330,0.45,631,603,164,162,566,609,1804,1665,166462,150347,603,631,442,507,Sesion1,AtletismoVelocidad_Femenil.xlsx
176,C065,Miranda Gutierrez,01/04/2007,Mujer,Atletismo,Countermovement Jump,2026-08-24 17:56:48.223,51.63,Trial 2,34.3,124.4,136.1,956,728,1466,1604,0.48,638,620,158,150,562,619,1547,2065,147473,96698,620,638,469,525,Sesion1,AtletismoVelocidad_Femenil.xlsx
176,C065,Miranda Gutierrez,01/04/2007,Mujer,Atletismo,Countermovement Jump,2026-08-24 17:56:48.223,51.63,Trial 3,34.3,124.1,138.0,647,341,1069,1394,0.45,631,584,170,166,550,591,1620,1720,122830,90009,584,631,474,573,Sesion1,AtletismoVelocidad_Femenil.xlsx
168,C101,Maria Rios,14/11/2005,Mujer,Atletismo,Countermovement Jump,2026-08-24 17:46:06.497,59.43,Trial 1,30.0,148.6,167.2,-125,375,1503,1629,0.37,750,627,0,8,546,576,1479,1471,81701,82176,627,750,627,747,Sesion1,AtletismoVelocidad_Femenil.xlsx
168,C101,Maria Rios,14/11/2005,Mujer,Atletismo,Countermovement Jump,2026-08-24 17:46:06.497,59.43,Trial 2,29.4,153.4,156.7,0,0,1897,1829,0.39,721,686,8,0,541,578,1891,1625,73847,118198,686,712,684,721,Sesion1,AtletismoVelocidad_Femenil.xlsx
168,C101,Maria Rios,14/11/2005,Mujer,Atletismo,Countermovement Jump,2026-08-24 17:46:06.497,59.43,Trial 3,29.2,142.9,146.7,0,0,2468,2809,0.44,806,719,0,0,554,594,1853,1531,85035,102954,711,783,719,806,Sesion1,AtletismoVelocidad_Femenil.xlsx
165,C098,Ximena Pedroza,08/05/2006,Mujer,Atletismo,Countermovement Jump,2026-08-24 17:42:27.490,56.71,Trial 1,33.9,131.7,134.8,300,500,3046,2983,0.58,780,773,10,10,639,649,1408,1790,149135,70408,773,780,770,778,Sesion1,AtletismoVelocidad_Femenil.xlsx
165,C098,Ximena Pedroza,08/05/2006,Mujer,Atletismo,Countermovement Jump,2026-08-24 17:42:27.490,56.71,Trial 2,33.1,126.2,131.1,500,2250,4071,4204,0.58,842,817,18,4,643,672,1291,1524,69256,53799,817,842,811,833,Sesion1,AtletismoVelocidad_Femenil.xlsx
165,C098,Ximena Pedroza,08/05/2006,Mujer,Atletismo,Countermovement Jump,2026-08-24 17:42:27.490,56.71,Trial 3,32.9,125.3,131.9,167,500,4179,4115,0.56,838,840,8,2,628,669,1374,1353,75146,98155,840,838,837,837,Sesion1,AtletismoVelocidad_Femenil.xlsx
172,C103,Alan Rivera,27/08/2005,Hombre,Atletismo,Countermovement Jump,2026-08-24 18:00:52.760,68.96,Trial 1,42.7,178.4,186.9,1000,500,3230,3014,0.64,896,832,12,4,774,813,2290,2743,85707,63616,831,895,832,896,Sesion1,AtletismoVelocidad_Varonil.xlsx
172,C103,Alan Rivera,27/08/2005,Hombre,Atletismo,Countermovement Jump,2026-08-24 18:00:52.760,68.96,Trial 2,42.1,187.7,188.3,500,0,3090,2871,0.61,872,838,2,0,773,792,1864,2215,73821,58255,835,863,838,872,Sesion1,AtletismoVelocidad_Varonil.xlsx
172,C103,Alan Rivera,27/08/2005,Hombre,Atletismo,Countermovement Jump,2026-08-24 18:00:52.760,68.96,Trial 3,41.3,174.6,181.9,0,0,3651,3600,0.63,924,869,8,0,770,808,2044,2837,118193,63880,869,918,867,924,Sesion1,AtletismoVelocidad_Varonil.xlsx
175,C067,Angel Corral,16/10/2007,Hombre,Atletismo,Countermovement Jump,2026-08-24 17:58:21.863,82.04,Trial 1,46.0,240.0,242.4,750,500,2660,3003,0.59,988,945,4,6,882,893,4238,3435,214669,264898,943,988,945,988,Sesion1,AtletismoVelocidad_Varonil.xlsx
175,C067,Angel Corral,16/10/2007,Hombre,Atletismo,Countermovement Jump,2026-08-24 17:58:21.863,82.04,Trial 2,46.6,228.4,230.0,1500,1000,3361,3448,0.63,1055,1048,4,10,884,895,3184,3375,210919,199023,1048,1055,1043,1047,Sesion1,AtletismoVelocidad_Varonil.xlsx
175,C067,Angel Corral,16/10/2007,Hombre,Atletismo,Countermovement Jump,2026-08-24 17:58:21.863,82.04,Trial 3,47.4,242.7,243.7,0,0,2870,2894,0.6,1059,971,0,0,884,892,2721,2250,102260,170085,967,1048,971,1059,Sesion1,AtletismoVelocidad_Varonil.xlsx
169,C102,Isac Cervantes,03/03/2004,Hombre,Atletismo,Countermovement Jump,2026-08-24 17:51:33.440,65.48,Trial 1,52.0,195.5,194.8,0,0,2990,2913,0.69,960,935,0,0,697,706,1684,1282,30515,46782,923,954,935,960,Sesion1,AtletismoVelocidad_Varonil.xlsx
169,C102,Isac Cervantes,03/03/2004,Hombre,Atletismo,Countermovement Jump,2026-08-24 17:51:33.440,65.48,Trial 2,51.0,180.2,190.0,0,0,3602,4120,0.75,965,935,0,0,712,746,1742,1844,57613,62220,922,965,935,965,Sesion1,AtletismoVelocidad_Varonil.xlsx
169,C102,Isac Cervantes,03/03/2004,Hombre,Atletismo,Countermovement Jump,2026-08-24 17:51:33.440,65.48,Trial 3,50.2,193.4,186.6,0,0,3684,3447,0.68,931,981,0,0,706,717,2243,2387,198885,124620,978,918,981,931,Sesion1,AtletismoVelocidad_Varonil.xlsx
167,C104,Federico Gomez,11/10/2007,Hombre,Atletismo,Countermovement Jump,2026-08-24 17:51:01.960,71.59,Trial 1,49.2,205.3,200.6,2500,1000,3887,3833,0.65,989,1011,2,6,813,819,1466,2294,76457,38588,1008,989,1011,986,Sesion1,AtletismoVelocidad_Varonil.xlsx
167,C104,Federico Gomez,11/10/2007,Hombre,Atletismo,Countermovement Jump,2026-08-24 17:51:01.960,71.59,Trial 2,51.8,197.4,208.4,600,-200,3602,3885,0.74,1096,984,16,6,795,828,1514,1674,52303,47324,984,1096,977,1095,Sesion1,AtletismoVelocidad_Varonil.xlsx
167,C104,Federico Gomez,11/10/2007,Hombre,Atletismo,Countermovement Jump,2026-08-24 17:51:01.960,71.59,Trial 3,50.2,205.1,196.5,0,0,5367,4000,0.72,1143,1055,0,0,840,829,2103,1180,31045,58427,1048,1107,1055,1143,Sesion1,AtletismoVelocidad_Varonil.xlsx
170,C064,Luis Gonzalez,22/05/2005,Hombre,Atletismo,Countermovement Jump,2026-08-24 17:46:38.980,68.6,Trial 1,48.3,201.2,188.5,3000,500,2109,2095,0.58,857,902,2,2,816,780,3654,3693,263765,261026,902,857,899,856,Sesion1,AtletismoVelocidad_Varonil.xlsx
170,C064,Luis Gonzalez,22/05/2005,Hombre,Atletismo,Countermovement Jump,2026-08-24 17:46:38.980,68.6,Trial 2,48.2,200.4,184.8,0,0,2423,2057,0.6,856,960,0,2,806,774,3569,3635,259622,223085,960,856,960,855,Sesion1,AtletismoVelocidad_Varonil.xlsx
170,C064,Luis Gonzalez,22/05/2005,Hombre,Atletismo,Countermovement Jump,2026-08-24 17:46:38.980,68.6,Trial 3,48.0,190.0,191.6,500,500,2160,2276,0.6,930,909,2,4,782,781,4175,4018,111603,122805,901,930,909,928,Sesion1,AtletismoVelocidad_Varonil.xlsx
166,C099,Jose Diaz,20/05/2006,Hombre,Atletismo,Countermovement Jump,2026-08-24 17:43:10.150,67.0,Trial 1,40.8,168.5,161.2,1563,-375,3972,3587,0.61,921,1019,16,4,768,783,3851,3558,296476,213964,1019,921,994,920,Sesion1,AtletismoVelocidad_Varonil.xlsx
166,C099,Jose Diaz,20/05/2006,Hombre,Atletismo,Countermovement Jump,2026-08-24 17:43:10.150,67.0,Trial 2,42.4,169.1,178.8,3000,1100,3089,3269,0.61,937,929,16,6,718,776,2524,4636,331122,114744,929,937,896,923,Sesion1,AtletismoVelocidad_Varonil.xlsx
166,C099,Jose Diaz,20/05/2006,Hombre,Atletismo,Countermovement Jump,2026-08-24 17:43:10.150,67.0,Trial 3,41.4,172.8,171.7,-333,833,3696,3225,0.6,936,997,10,6,730,758,2568,2994,213836,116744,997,936,995,932,Sesion1,AtletismoVelocidad_Varonil.xlsx
131,C017,Melanie Olace,02/04/2005,Mujer,Basketball,Countermovement Jump,2026-08-17 14:19:16.037,75.46,Trial 1,30.0,166.3,181.9,783,689,2517,2679,0.44,961,931,114,102,823,875,1076,1302,18601,12810,931,961,846,888,Sesion1,Basketball_Femenil.xlsx
131,C017,Melanie Olace,02/04/2005,Mujer,Basketball,Countermovement Jump,2026-08-17 14:19:16.037,75.46,Trial 2,31.6,189.5,180.4,917,-583,3037,2989,0.45,936,893,46,0,821,784,1761,1206,15463,26682,893,934,866,936,Sesion1,Basketball_Femenil.xlsx
131,C017,Melanie Olace,02/04/2005,Mujer,Basketball,Countermovement Jump,2026-08-17 14:19:16.037,75.46,Trial 3,30.4,166.3,194.2,500,83,2342,2785,0.44,979,838,134,2,765,840,930,1548,26691,12237,838,979,780,977,Sesion1,Basketball_Femenil.xlsx
120,C016,Maria Ramirez,23/04/2007,Mujer,Basketball,Countermovement Jump,2026-08-17 14:17:06.043,106.84,Trial 1,25.1,295.6,291.0,0,0,3439,2973,0.3,1186,1242,0,0,949,956,2108,3116,42103,24516,1228,1179,1242,1186,Sesion1,Basketball_Femenil.xlsx
120,C016,Maria Ramirez,23/04/2007,Mujer,Basketball,Countermovement Jump,2026-08-17 14:17:06.043,106.84,Trial 2,26.0,306.4,292.7,0,0,3974,3890,0.31,1254,1224,0,0,961,937,1453,1656,20695,17724,1215,1210,1224,1254,Sesion1,Basketball_Femenil.xlsx
120,C016,Maria Ramirez,23/04/2007,Mujer,Basketball,Countermovement Jump,2026-08-17 14:17:06.043,106.84,Trial 3,25.3,299.0,293.9,0,0,3410,3528,0.3,1255,1227,0,2,958,950,2329,2313,30429,30649,1219,1232,1227,1255,Sesion1,Basketball_Femenil.xlsx
117,C043,Regina Espinosa,17/07/2003,Mujer,Basketball,Countermovement Jump,2026-08-17 14:16:33.900,85.75,Trial 1,22.8,214.3,195.1,0,0,4076,3710,0.33,998,1123,0,0,822,786,1482,1135,12899,21794,1078,970,1123,998,Sesion1,Basketball_Femenil.xlsx
117,C043,Regina Espinosa,17/07/2003,Mujer,Basketball,Countermovement Jump,2026-08-17 14:16:33.900,85.75,Trial 2,23.2,205.6,203.7,0,0,3656,3129,0.34,1049,1034,0,0,814,823,1228,1237,22091,17056,1019,1019,1034,1049,Sesion1,Basketball_Femenil.xlsx
117,C043,Regina Espinosa,17/07/2003,Mujer,Basketball,Countermovement Jump,2026-08-17 14:16:33.900,85.75,Trial 3,23.6,206.8,196.5,0,0,4084,3772,0.36,1046,1054,0,0,825,818,1301,1036,17268,20984,1049,1005,1054,1046,Sesion1,Basketball_Femenil.xlsx
129,C018,Laura Plascencia,09/05/2004,Mujer,Basketball,Countermovement Jump,2026-08-17 14:12:52.040,65.43,Trial 1,40.3,179.5,166.9,0,0,3285,2658,0.59,771,825,0,0,747,717,1929,1667,41682,41930,825,771,825,771,Sesion1,Basketball_Femenil.xlsx
129,C018,Laura Plascencia,09/05/2004,Mujer,Basketball,Countermovement Jump,2026-08-17 14:12:52.040,65.43,Trial 2,41.2,178.0,178.9,1000,500,3285,2389,0.58,797,813,2,2,711,718,1425,2041,53717,30973,806,796,813,797,Sesion1,Basketball_Femenil.xlsx
129,C018,Laura Plascencia,09/05/2004,Mujer,Basketball,Countermovement Jump,2026-08-17 14:12:52.040,65.43,Trial 3,38.9,178.3,164.0,0,0,2352,2432,0.55,780,794,172,0,774,717,1231,1269,22665,19851,794,780,769,780,Sesion1,Basketball_Femenil.xlsx
132,C046,Paola De Leon,13/09/2005,Mujer,Basketball,Countermovement Jump,2026-08-17 14:10:02.393,58.95,Trial 1,28.5,159.6,145.5,0,0,2166,1841,0.39,628,699,0,0,606,558,1025,1169,20160,18300,693,625,699,628,Sesion1,Basketball_Femenil.xlsx
132,C046,Paola De Leon,13/09/2005,Mujer,Basketball,Countermovement Jump,2026-08-17 14:10:02.393,58.95,Trial 2,28.6,150.5,137.6,0,0,2240,2192,0.41,669,717,4,0,627,578,1089,1095,20283,20938,717,664,716,669,Sesion1,Basketball_Femenil.xlsx
132,C046,Paola De Leon,13/09/2005,Mujer,Basketball,Countermovement Jump,2026-08-17 14:10:02.393,58.95,Trial 3,28.5,147.1,130.8,0,0,2278,2358,0.41,682,755,0,0,621,580,959,1125,19401,18438,751,667,755,682,Sesion1,Basketball_Femenil.xlsx
133,C052,Patricia Serna,12/11/2003,Mujer,Basketball,Countermovement Jump,2026-08-17 14:09:41.737,85.05,Trial 1,17.5,232.6,196.3,0,0,2591,2168,0.22,744,914,0,6,791,656,1512,1567,30136,29077,889,744,914,743,Sesion1,Basketball_Femenil.xlsx
133,C052,Patricia Serna,12/11/2003,Mujer,Basketball,Countermovement Jump,2026-08-17 14:09:41.737,85.05,Trial 2,19.3,244.6,196.5,1000,-800,2536,1599,0.24,752,948,22,0,764,633,1462,1151,23981,29240,948,750,933,752,Sesion1,Basketball_Femenil.xlsx
133,C052,Patricia Serna,12/11/2003,Mujer,Basketball,Countermovement Jump,2026-08-17 14:09:41.737,85.05,Trial 3,17.9,237.0,191.5,2000,-250,2801,1931,0.22,786,924,4,6,773,618,1697,1308,21098,24243,924,782,921,786,Sesion1,Basketball_Femenil.xlsx
113,C041,Ximena Apodaca,03/03/2004,Mujer,Basketball,Countermovement Jump,2026-08-17 14:07:19.480,64.8,Trial 1,26.8,152.4,166.9,0,0,3000,3242,0.38,896,800,0,0,594,627,1517,1343,37313,54170,774,865,800,896,Sesion1,Basketball_Femenil.xlsx
113,C041,Ximena Apodaca,03/03/2004,Mujer,Basketball,Countermovement Jump,2026-08-17 14:07:19.480,64.8,Trial 2,26.0,165.2,163.7,0,0,2965,2893,0.35,842,861,0,2,551,564,1361,1724,143688,61853,847,810,861,842,Sesion1,Basketball_Femenil.xlsx
113,C041,Ximena Apodaca,03/03/2004,Mujer,Basketball,Countermovement Jump,2026-08-17 14:07:19.480,64.8,Trial 3,26.0,156.4,169.6,0,0,2616,2855,0.37,921,807,0,0,566,566,1940,1911,159272,193977,785,891,807,921,Sesion1,Basketball_Femenil.xlsx
128,C056,Karmina Reyes,08/10/2008,Mujer,Basketball,Countermovement Jump,2026-08-17 14:03:46.303,62.44,Trial 1,31.7,148.5,160.8,0,0,2184,2711,0.45,863,771,8,0,610,655,1992,1843,35447,38303,771,852,769,863,Sesion1,Basketball_Femenil.xlsx
128,C056,Karmina Reyes,08/10/2008,Mujer,Basketball,Countermovement Jump,2026-08-17 14:03:46.303,62.44,Trial 2,32.0,156.5,157.2,0,0,2777,2598,0.46,818,831,0,0,610,646,1856,1984,34211,29932,830,802,831,818,Sesion1,Basketball_Femenil.xlsx
128,C056,Karmina Reyes,08/10/2008,Mujer,Basketball,Countermovement Jump,2026-08-17 14:03:46.303,62.44,Trial 3,32.6,155.5,158.0,0,0,3137,2958,0.48,831,867,0,0,596,640,2077,2730,54605,37085,865,815,867,831,Sesion1,Basketball_Femenil.xlsx
126,,Fernanda  Silva,11/01/2007,Mujer,Basketball,Countermovement Jump,2026-08-17 14:21:36.223,66.68,Trial 1,20.7,170.9,132.5,392,459,1562,1486,0.27,662,777,156,148,747,600,1402,960,11430,18447,777,662,716,594,Sesion1,Basketball_Femenil.xlsx
126,,Fernanda  Silva,11/01/2007,Mujer,Basketball,Countermovement Jump,2026-08-17 14:21:36.223,66.68,Trial 2,18.9,184.0,119.2,-201,243,2321,1545,0.26,611,808,12,148,751,529,1826,810,10126,33815,808,611,805,598,Sesion1,Basketball_Femenil.xlsx
126,,Fernanda  Silva,11/01/2007,Mujer,Basketball,Countermovement Jump,2026-08-17 14:21:36.223,66.68,Trial 3,22.0,167.2,134.9,-500,1500,2727,2044,0.32,669,803,0,2,721,607,1135,1730,23379,15338,801,669,803,668,Sesion1,Basketball_Femenil.xlsx
125,C015,Adis Blanco,16/10/2015,Mujer,Basketball,Countermovement Jump,2026-08-17 14:20:29.000,59.93,Trial 1,29.4,128.1,139.3,500,125,2092,2240,0.43,760,707,8,12,648,711,1488,1404,20052,22551,707,760,703,757,Sesion1,Basketball_Femenil.xlsx
125,C015,Adis Blanco,16/10/2015,Mujer,Basketball,Countermovement Jump,2026-08-17 14:20:28.617,59.93,Trial 2,29.7,126.3,141.1,875,500,2317,1978,0.44,793,700,68,6,643,708,1278,1124,15606,19974,700,793,662,782,Sesion1,Basketball_Femenil.xlsx
125,C015,Adis Blanco,16/10/2015,Mujer,Basketball,Countermovement Jump,2026-08-17 14:20:28.617,59.93,Trial 3,29.1,133.0,144.4,1000,750,2082,2440,0.43,773,720,6,4,621,676,1639,1359,23425,31526,720,773,714,770,Sesion1,Basketball_Femenil.xlsx
134,C054,Alicia Ramos,08/11/2006,Mujer,Basketball,Countermovement Jump,2026-08-17 14:13:53.913,84.63,Trial 1,24.5,181.5,177.8,0,0,4388,5657,0.38,1052,1206,0,8,896,889,2083,2123,32168,34717,1203,1052,1206,1047,Sesion1,Basketball_Femenil.xlsx
134,C045,Alicia Ramos,08/11/2006,Mujer,Basketball,Countermovement Jump,2026-08-17 14:13:53.913,84.63,Trial 2,25.4,187.0,189.2,0,0,4819,5854,0.39,1073,1201,0,2,849,851,1933,2143,27475,22477,1167,1069,1201,1073,Sesion1,Basketball_Femenil.xlsx
134,C045,Alicia Ramos,08/11/2006,Mujer,Basketball,Countermovement Jump,2026-08-17 14:13:53.913,84.63,Trial 3,24.4,182.6,177.3,0,0,4991,6075,0.4,1086,1196,0,0,894,879,1393,1234,20568,17859,1162,1061,1196,1086,Sesion1,Basketball_Femenil.xlsx
112,C019,Ariana Mora,09/02/2003,Mujer,Basketball,Countermovement Jump,2026-08-17 14:11:58.677,79.99,Trial 1,26.5,213.4,178.9,500,1750,3496,2615,0.36,834,987,4,8,841,736,1737,2105,58474,41357,971,834,987,826,Sesion1,Basketball_Femenil.xlsx
112,C019,Ariana Mora,09/02/2003,Mujer,Basketball,Countermovement Jump,2026-08-17 14:11:58.677,79.99,Trial 2,26.5,210.3,180.3,0,0,3464,3366,0.35,821,1038,0,0,848,746,1474,1904,50107,40945,1029,820,1038,821,Sesion1,Basketball_Femenil.xlsx
112,C019,Ariana Mora,09/02/2003,Mujer,Basketball,Countermovement Jump,2026-08-17 14:11:58.677,79.99,Trial 3,25.8,225.0,183.1,0,0,2935,3038,0.34,874,994,0,0,834,719,1797,1350,33752,44925,976,865,994,874,Sesion1,Basketball_Femenil.xlsx
114,C055,Andrea Grimaldo,28/03/2003,Mujer,Basketball,Countermovement Jump,2026-08-17 14:06:36.983,61.12,Trial 1,27.5,154.6,155.5,0,0,1981,2116,0.38,686,676,198,0,635,625,1260,957,11672,16154,667,686,676,686,Sesion1,Basketball_Femenil.xlsx
114,C055,Andrea Grimaldo,28/03/2003,Mujer,Basketball,Countermovement Jump,2026-08-17 14:06:36.983,61.12,Trial 2,26.5,148.4,141.7,0,0,2025,1933,0.4,681,705,0,0,656,639,1351,994,12123,16888,700,671,705,681,Sesion1,Basketball_Femenil.xlsx
114,C055,Andrea Grimaldo,28/03/2003,Mujer,Basketball,Countermovement Jump,2026-08-17 14:06:36.983,61.12,Trial 3,25.4,144.7,147.4,0,0,2141,2102,0.38,679,720,0,0,606,637,714,1019,11077,7761,716,675,720,679,Sesion1,Basketball_Femenil.xlsx
130,C049,Cristina  García (usar este perfil),26/02/2008,Mujer,Basketball,Countermovement Jump,2026-08-17 14:03:40.377,65.11,Trial 1,28.8,141.3,146.0,625,375,3242,3108,0.48,868,857,8,16,696,727,1743,1948,29516,26409,857,868,852,865,Sesion1,Basketball_Femenil.xlsx
130,C049,Cristina  García (usar este perfil),26/02/2008,Mujer,Basketball,Countermovement Jump,2026-08-17 14:03:40.377,65.11,Trial 2,28.5,150.5,155.0,0,0,2719,2996,0.45,794,819,2,0,639,687,2184,1957,31566,36400,817,794,819,794,Sesion1,Basketball_Femenil.xlsx
130,C049,Cristina  García (usar este perfil),26/02/2008,Mujer,Basketball,Countermovement Jump,2026-08-17 14:03:40.377,65.11,Trial 3,28.4,149.5,148.9,0,0,3283,2661,0.45,851,826,2,0,669,679,2120,1886,27736,31177,826,851,823,851,Sesion1,Basketball_Femenil.xlsx
130,C049,Cristina  García (usar este perfil),26/02/2008,Mujer,Basketball,Countermovement Jump,2026-09-08 14:17:18.667,65.83,Trial 1,26.6,145.2,150.4,0,0,3396,2963,0.41,823,818,0,0,667,702,2168,2115,37760,43361,818,822,818,823,Sesion2,Basketball_Femenil.xlsx
130,C049,Cristina  García (usar este perfil),26/02/2008,Mujer,Basketball,Countermovement Jump,2026-09-08 14:17:18.667,65.83,Trial 2,26.2,148.4,154.9,500,2000,2919,3119,0.39,803,793,10,2,652,677,1754,1960,31606,26577,793,803,792,800,Sesion2,Basketball_Femenil.xlsx
130,C049,Cristina  García (usar este perfil),26/02/2008,Mujer,Basketball,Countermovement Jump,2026-09-08 14:17:18.667,65.83,Trial 3,26.2,154.6,149.0,250,1000,3420,2900,0.37,779,820,6,2,654,668,2058,1755,29243,33195,820,779,816,778,Sesion2,Basketball_Femenil.xlsx
126,C042,Fernanda  Silva,11/01/2007,Mujer,Basketball,Countermovement Jump,2026-09-08 14:10:41.757,66.05,Trial 1,24.3,175.7,143.3,750,0,2063,1705,0.33,667,783,6,2,698,587,1204,1095,11407,14685,783,667,779,665,Sesion2,Basketball_Femenil.xlsx
126,C042,Fernanda  Silva,11/01/2007,Mujer,Basketball,Countermovement Jump,2026-09-08 14:10:41.757,66.05,Trial 2,22.1,171.0,136.0,0,0,2452,1736,0.31,680,790,6,0,698,577,898,1177,13078,9980,789,665,790,680,Sesion2,Basketball_Femenil.xlsx
126,C042,Fernanda  Silva,11/01/2007,Mujer,Basketball,Countermovement Jump,2026-09-08 14:10:41.757,66.05,Trial 3,22.9,173.2,132.0,3000,-1000,2844,1741,0.33,673,821,2,0,727,578,1301,834,7723,15490,821,665,816,673,Sesion2,Basketball_Femenil.xlsx
126,C042,Fernanda  Silva,11/01/2007,Mujer,Basketball,Countermovement Jump,2026-09-08 14:10:41.757,66.05,Trial 4,22.8,163.6,134.7,-500,1000,2287,1813,0.31,725,813,8,2,699,577,1350,940,8546,16877,813,722,813,725,Sesion2,Basketball_Femenil.xlsx
125,C015,Adis Blanco,16/10/2015,Mujer,Basketball,Countermovement Jump,2026-09-08 14:10:35.750,60.02,Trial 1,29.8,136.5,147.3,0,0,2210,2086,0.44,778,728,0,2,604,672,1711,1681,24008,28524,727,778,728,778,Sesion2,Basketball_Femenil.xlsx
125,C015,Adis Blanco,16/10/2015,Mujer,Basketball,Countermovement Jump,2026-09-08 14:10:35.750,60.02,Trial 2,29.8,134.9,146.3,500,-100,2353,2301,0.46,802,709,10,6,621,670,1291,1154,15588,21524,709,802,704,801,Sesion2,Basketball_Femenil.xlsx
125,C015,Adis Blanco,16/10/2015,Mujer,Basketball,Countermovement Jump,2026-09-08 14:10:35.750,60.02,Trial 3,29.4,125.4,148.1,-1000,2500,2485,2975,0.48,819,724,0,2,629,739,1485,1554,31071,28566,724,819,724,816,Sesion2,Basketball_Femenil.xlsx
134,C054,Alicia Ramos,08/11/2006,Mujer,Basketball,Countermovement Jump,2026-09-08 14:07:28.687,85.27,Trial 1,28.7,210.7,206.1,0,1500,3457,3286,0.4,977,1099,0,2,871,870,1714,1576,18762,19932,1098,977,1099,976,Sesion2,Basketball_Femenil.xlsx
134,C054,Alicia Ramos,08/11/2006,Mujer,Basketball,Countermovement Jump,2026-09-08 14:07:28.687,85.27,Trial 2,28.1,210.5,210.4,0,0,3832,4254,0.38,1077,1098,0,0,864,849,1629,1274,14156,21436,1044,1055,1098,1077,Sesion2,Basketball_Femenil.xlsx
134,C054,Alicia Ramos,08/11/2006,Mujer,Basketball,Countermovement Jump,2026-09-08 14:07:28.687,85.27,Trial 3,28.4,207.7,210.0,0,0,3844,4325,0.39,1062,1147,0,0,841,868,1579,1712,25940,20246,1111,1051,1147,1062,Sesion2,Basketball_Femenil.xlsx
112,C019,Ariana Mora,09/02/2003,Mujer,Basketball,Countermovement Jump,2026-09-08 14:07:16.213,80.03,Trial 1,26.7,209.0,177.4,0,250,3303,3155,0.37,846,1038,0,4,848,750,1411,2346,68986,35286,1038,841,1038,846,Sesion2,Basketball_Femenil.xlsx
112,C019,Ariana Mora,09/02/2003,Mujer,Basketball,Countermovement Jump,2026-09-08 14:07:16.213,80.03,Trial 2,26.1,217.0,177.7,0,1000,3496,2685,0.35,810,1016,0,2,818,711,1336,2116,55672,27843,1013,810,1016,808,Sesion2,Basketball_Femenil.xlsx
112,C019,Ariana Mora,09/02/2003,Mujer,Basketball,Countermovement Jump,2026-09-08 14:07:16.213,80.03,Trial 3,25.8,206.6,182.3,0,0,3105,2436,0.35,834,969,0,2,824,743,1573,1857,48856,43707,961,826,969,834,Sesion2,Basketball_Femenil.xlsx
117,C043,Regina Espinosa,17/07/2003,Mujer,Basketball,Countermovement Jump,2026-09-08 14:20:26.297,84.97,Trial 1,25.9,223.3,211.4,0,0,3138,2979,0.35,926,964,2,0,844,831,1346,1118,15965,23208,952,911,964,926,Sesion2,Basketball_Femenil.xlsx
117,C043,Regina Espinosa,17/07/2003,Mujer,Basketball,Countermovement Jump,2026-09-08 14:20:26.297,84.97,Trial 2,25.7,226.0,215.1,0,0,3492,3361,0.33,976,1010,0,0,789,783,1281,1373,22138,17793,998,968,1010,976,Sesion2,Basketball_Femenil.xlsx
117,C043,Regina Espinosa,17/07/2003,Mujer,Basketball,Countermovement Jump,2026-09-08 14:20:26.000,84.97,Trial 3,25.0,224.8,215.1,0,0,3261,3167,0.33,947,954,0,0,816,821,1122,1199,16197,17001,951,929,954,947,Sesion2,Basketball_Femenil.xlsx
131,C017,Melanie Olace,02/04/2005,Mujer,Basketball,Countermovement Jump,2026-09-08 14:19:06.307,76.75,Trial 1,29.7,178.5,184.0,11,722,2107,1803,0.41,922,893,12,100,827,841,1604,1633,24743,25065,893,922,890,856,Sesion2,Basketball_Femenil.xlsx
131,C017,Melanie Olace,02/04/2005,Mujer,Basketball,Countermovement Jump,2026-09-08 14:19:06.307,76.75,Trial 2,31.3,182.4,188.6,462,833,2236,2133,0.42,929,900,130,142,824,846,1183,1296,18001,14429,900,929,843,818,Sesion2,Basketball_Femenil.xlsx
131,C017,Melanie Olace,02/04/2005,Mujer,Basketball,Countermovement Jump,2026-09-08 14:19:06.307,76.75,Trial 3,29.1,176.6,185.6,23,187,2513,2697,0.42,907,870,28,132,794,835,1184,1444,20056,15581,870,907,861,883,Sesion2,Basketball_Femenil.xlsx
128,C056,Karmina Reyes,08/10/2008,Mujer,Basketball,Countermovement Jump,2026-09-08 14:14:50.143,63.4,Trial 1,31.2,159.1,168.7,0,0,2754,2680,0.39,853,802,0,0,592,628,1748,1539,27483,32373,797,819,802,853,Sesion2,Basketball_Femenil.xlsx
128,C056,Karmina Reyes,08/10/2008,Mujer,Basketball,Countermovement Jump,2026-09-08 14:14:50.143,63.4,Trial 2,30.8,165.1,163.0,0,0,2923,2902,0.43,794,845,0,0,598,628,1907,2224,44481,32882,833,763,845,794,Sesion2,Basketball_Femenil.xlsx
128,C056,Karmina Reyes,08/10/2008,Mujer,Basketball,Countermovement Jump,2026-09-08 14:14:50.143,63.4,Trial 3,31.7,164.3,161.0,0,0,3000,2621,0.45,815,836,0,0,607,629,1840,1821,39588,38337,829,774,836,815,Sesion2,Basketball_Femenil.xlsx
120,C016,Maria Ramirez,23/04/2007,Mujer,Basketball,Countermovement Jump,2026-09-08 14:13:01.020,107.49,Trial 1,26.1,277.8,299.1,0,0,4696,5216,0.32,1531,1362,0,0,935,957,1089,2253,30440,4323,1297,1455,1362,1531,Sesion2,Basketball_Femenil.xlsx
120,C016,Maria Ramirez,23/04/2007,Mujer,Basketball,Countermovement Jump,2026-09-08 14:13:01.020,107.49,Trial 2,25.7,317.1,295.4,0,0,4036,4113,0.3,1362,1311,0,0,985,910,2066,811,9211,28701,1254,1308,1311,1362,Sesion2,Basketball_Femenil.xlsx
120,C016,Maria Ramirez,23/04/2007,Mujer,Basketball,Countermovement Jump,2026-09-08 14:13:01.020,107.49,Trial 3,26.3,286.5,297.8,0,0,4283,5465,0.29,1453,1290,0,0,952,973,1693,1820,26758,24904,1246,1410,1290,1453,Sesion2,Basketball_Femenil.xlsx
129,C018,Laura Plascencia,09/05/2004,Mujer,Basketball,Countermovement Jump,2026-09-08 14:03:13.407,66.75,Trial 1,40.0,180.8,174.4,28,117,3043,2413,0.55,802,829,180,182,770,761,1597,2767,92235,33274,829,802,824,782,Sesion2,Basketball_Femenil.xlsx
129,C018,Laura Plascencia,09/05/2004,Mujer,Basketball,Countermovement Jump,2026-09-08 14:03:13.407,66.75,Trial 2,39.6,183.9,177.5,0,0,2755,2597,0.56,808,808,2,0,758,712,1826,1503,31313,43480,801,807,808,808,Sesion2,Basketball_Femenil.xlsx
129,C018,Laura Plascencia,09/05/2004,Mujer,Basketball,Countermovement Jump,2026-09-08 14:03:13.407,66.75,Trial 3,39.9,175.3,188.8,179,-32,2376,2429,0.53,778,785,190,8,745,745,1593,2324,68354,31863,785,778,765,770,Sesion2,Basketball_Femenil.xlsx
113,C041,Ximena Apodaca,03/03/2004,Mujer,Basketball,Countermovement Jump,2026-09-08 14:03:05.923,63.71,Trial 1,29.6,165.1,181.6,0,0,2440,2614,0.38,835,810,0,0,594,575,1083,1728,35990,20064,791,812,810,835,Sesion2,Basketball_Femenil.xlsx
113,C041,Ximena Apodaca,03/03/2004,Mujer,Basketball,Countermovement Jump,2026-09-08 14:03:05.923,63.71,Trial 2,30.3,162.2,196.3,0,0,2295,2896,0.37,889,786,0,0,599,582,1213,1297,24933,30336,747,873,786,889,Sesion2,Basketball_Femenil.xlsx
113,C041,Ximena Apodaca,03/03/2004,Mujer,Basketball,Countermovement Jump,2026-09-08 14:03:05.923,63.71,Trial 3,29.2,182.1,176.1,0,0,2301,2657,0.35,850,808,0,0,562,567,2142,1701,77297,178537,802,829,808,850,Sesion2,Basketball_Femenil.xlsx
16,C169,Andres Lozano,27/05/2005,Hombre,Basketball,Countermovement Jump,2026-08-10 07:12:14.843,75.37,Trial 1,44.2,209.4,197.3,0,0,3515,2958,0.65,916,1031,0,178,863,862,2026,2028,28974,27377,997,916,1031,870,Sesion1,Basketball_Varonil.xlsx
16,C169,Andres Lozano,27/05/2005,Hombre,Basketball,Countermovement Jump,2026-08-10 07:12:14.843,75.37,Trial 2,43.7,216.6,208.9,2000,-750,3037,2439,0.62,870,932,16,200,824,826,3707,3619,95241,88260,932,866,924,870,Sesion1,Basketball_Varonil.xlsx
16,C169,Andres Lozano,27/05/2005,Hombre,Basketball,Countermovement Jump,2026-08-10 07:12:14.843,75.37,Trial 3,44.8,205.2,210.7,0,0,2600,2803,0.64,908,945,0,52,816,835,2937,2846,71154,77288,920,908,945,890,Sesion1,Basketball_Varonil.xlsx
136,C105,Alan Almirudis,25/11/2003,Hombre,Basketball,Countermovement Jump,2026-08-10 07:07:17.283,64.4,Trial 1,48.3,168.6,168.3,1944,167,2960,3265,0.74,940,940,36,6,785,798,3178,2346,65164,113498,940,940,891,933,Sesion1,Basketball_Varonil.xlsx
136,C105,Alan Almirudis,25/11/2003,Hombre,Basketball,Countermovement Jump,2026-08-10 07:07:17.283,64.4,Trial 2,50.1,170.8,165.6,1000,167,3425,3415,0.79,957,969,24,8,814,808,2171,1839,45972,60304,969,957,945,946,Sesion1,Basketball_Varonil.xlsx
136,C105,Alan Almirudis,25/11/2003,Hombre,Basketball,Countermovement Jump,2026-08-10 07:07:17.283,64.4,Trial 3,49.2,167.8,167.2,1643,750,3351,3404,0.79,968,964,24,26,818,835,2131,2547,67024,56077,964,968,918,947,Sesion1,Basketball_Varonil.xlsx
110,C106,Javier Castillo,22/02/2003,Hombre,Basketball,Countermovement Jump,2026-08-10 06:58:59.560,90.13,Trial 1,48.1,229.4,266.5,0,0,5684,6145,0.73,1390,1330,0,0,927,1099,1266,1471,81720,70358,1314,1365,1330,1390,Sesion1,Basketball_Varonil.xlsx
110,C106,Javier Castillo,22/02/2003,Hombre,Basketball,Countermovement Jump,2026-08-10 06:58:59.560,90.13,Trial 2,47.8,222.9,271.6,0,0,4725,5791,0.68,1409,1197,0,0,932,1124,1198,1506,31374,85603,1184,1400,1197,1409,Sesion1,Basketball_Varonil.xlsx
110,C106,Javier Castillo,22/02/2003,Hombre,Basketball,Countermovement Jump,2026-08-10 06:58:59.560,90.13,Trial 3,47.6,233.1,251.2,0,0,5329,5982,0.73,1364,1256,24,0,981,1088,1832,1240,77497,26178,1248,1349,1256,1364,Sesion1,Basketball_Varonil.xlsx
108,C107,Jeffrey Bañuelos,13/07/2008,Hombre,Basketball,Countermovement Jump,2026-08-10 06:50:45.747,69.45,Trial 1,40.1,162.1,191.9,0,0,3652,3213,0.63,1077,814,20,0,746,842,1556,1233,18684,24311,814,1048,808,1077,Sesion1,Basketball_Varonil.xlsx
108,C107,Jeffrey Bañuelos,13/07/2008,Hombre,Basketball,Countermovement Jump,2026-08-10 06:50:45.747,69.45,Trial 2,39.5,156.7,191.8,0,0,3836,4798,0.59,1055,847,0,0,725,852,1474,1778,27784,19394,847,1054,847,1055,Sesion1,Basketball_Varonil.xlsx
108,C107,Jeffrey Bañuelos,13/07/2008,Hombre,Basketball,Countermovement Jump,2026-08-10 06:50:45.747,69.45,Trial 3,39.0,154.9,187.1,1500,-1000,3932,4937,0.63,1067,965,2,20,685,851,982,1016,11291,11418,965,1067,965,1062,Sesion1,Basketball_Varonil.xlsx
17,C166,Adrian Borruel,22/03/2006,Hombre,Basketball,Countermovement Jump,2026-08-10 06:48:59.290,93.08,Trial 1,34.9,219.0,245.2,1500,-500,4389,4519,0.51,1236,1108,2,0,989,1170,3765,2769,60199,81846,1103,1234,1108,1236,Sesion1,Basketball_Varonil.xlsx
17,C166,Adrian Borruel,22/03/2006,Hombre,Basketball,Countermovement Jump,2026-08-10 06:48:59.290,93.08,Trial 2,38.1,217.1,270.0,-500,1500,3992,4548,0.52,1311,1100,0,2,871,1087,2493,2826,58879,44517,1082,1311,1100,1311,Sesion1,Basketball_Varonil.xlsx
17,C166,Adrian Borruel,22/03/2006,Hombre,Basketball,Countermovement Jump,2026-08-10 06:48:59.290,93.08,Trial 3,36.1,208.4,266.6,250,0,3228,4101,0.49,1318,959,140,0,899,1154,3290,2842,71054,96763,959,1317,954,1318,Sesion1,Basketball_Varonil.xlsx
119,C164,Juan Munoz,25/11/2006,Hombre,Basketball,Countermovement Jump,2026-08-10 06:51:59.633,95.38,Trial 1,39.7,254.8,252.5,0,0,4847,4885,0.57,1250,1313,0,2,953,964,1440,2258,32256,17566,1309,1250,1313,1250,Sesion1,Basketball_Varonil.xlsx
119,C164,Juan Munoz,25/11/2006,Hombre,Basketball,Countermovement Jump,2026-08-10 06:51:59.633,95.38,Trial 2,41.5,259.3,262.0,0,0,4720,5248,0.57,1332,1316,0,0,910,924,2194,2514,36970,40638,1316,1332,1316,1332,Sesion1,Basketball_Varonil.xlsx
119,C164,Juan Munoz,25/11/2006,Hombre,Basketball,Countermovement Jump,2026-08-10 06:51:59.633,95.38,Trial 3,41.6,261.1,255.6,250,500,4161,4023,0.56,1312,1381,6,4,935,921,1179,1331,24647,24572,1381,1312,1379,1308,Sesion1,Basketball_Varonil.xlsx
107,C165,Kleyberson Contramaestre,13/06/2003,Hombre,Basketball,Countermovement Jump,2026-08-10 06:49:20.393,72.27,Trial 1,46.8,212.3,223.7,0,0,3514,3451,0.59,1083,1012,0,0,710,718,2665,3506,250425,148080,1003,1066,1012,1083,Sesion1,Basketball_Varonil.xlsx
107,C165,Kleyberson Contramaestre,13/06/2003,Hombre,Basketball,Countermovement Jump,2026-08-10 06:49:20.393,72.27,Trial 2,46.2,221.0,214.8,0,0,3841,4085,0.6,1044,1036,2,0,724,737,2861,2648,132398,130066,1030,1023,1036,1044,Sesion1,Basketball_Varonil.xlsx
107,C165,Kleyberson Contramaestre,13/06/2003,Hombre,Basketball,Countermovement Jump,2026-08-10 06:49:20.393,72.27,Trial 3,45.9,213.4,212.0,0,0,4568,4475,0.58,1095,1041,0,0,726,723,3150,2384,170282,262537,1021,1075,1041,1095,Sesion1,Basketball_Varonil.xlsx
121,C111,Jose Morales,15/10/2008,Hombre,Basketball,Countermovement Jump,2026-08-10 06:56:29.683,73.06,Trial 1,47.3,184.6,229.0,638,-96,1955,2506,0.63,976,852,196,0,826,904,1265,1514,28040,19765,852,972,752,976,Sesion1,Basketball_Varonil.xlsx
121,C111,Jose Morales,15/10/2008,Hombre,Basketball,Countermovement Jump,2026-08-10 06:56:29.683,73.06,Trial 3,46.2,195.0,219.1,316,-105,2104,2464,0.57,947,845,196,0,825,851,1359,1569,29059,20590,845,947,780,947,Sesion1,Basketball_Varonil.xlsx
121,C111,Jose Morales,15/10/2008,Hombre,Basketball,Countermovement Jump,2026-08-10 06:56:29.683,73.06,Trial 4,45.8,187.5,224.8,396,-245,1964,2516,0.6,970,837,196,16,810,869,2234,2247,51072,44679,837,970,776,963,Sesion1,Basketball_Varonil.xlsx
136,C105,Alan Almirudis,25/11/2003,Hombre,Basketball,Countermovement Jump,2026-09-14 06:56:52.000,66.68,Trial 1,47.6,165.0,174.8,1423,654,3397,3545,0.71,1032,983,50,26,821,845,2025,2664,63437,44015,983,1032,937,1016,Sesion2,Basketball_Varonil.xlsx
136,C105,Alan Almirudis,25/11/2003,Hombre,Basketball,Countermovement Jump,2026-09-14 06:56:52.323,66.68,Trial 2,47.7,172.4,173.2,1200,-250,3375,3109,0.7,1009,984,40,8,830,821,2334,1821,41394,61413,984,1009,936,1002,Sesion2,Basketball_Varonil.xlsx
136,C105,Alan Almirudis,25/11/2003,Hombre,Basketball,Countermovement Jump,2026-09-14 06:56:52.323,66.68,Trial 3,47.7,170.7,174.6,389,444,3254,3209,0.72,987,965,16,26,804,816,2170,2653,88445,67803,965,987,957,981,Sesion2,Basketball_Varonil.xlsx
108,C107,Jeffrey Bañuelos,13/07/2008,Hombre,Basketball,Countermovement Jump,2026-09-14 06:51:07.207,72.69,Trial 1,39.9,187.0,218.5,0,0,2493,2601,0.53,965,772,0,0,690,799,968,1355,17834,10752,769,957,772,965,Sesion2,Basketball_Varonil.xlsx
108,C107,Jeffrey Bañuelos,13/07/2008,Hombre,Basketball,Countermovement Jump,2026-09-14 06:51:07.207,72.69,Trial 2,39.9,195.9,226.5,0,0,2716,3356,0.49,1050,848,0,0,681,767,1839,1613,17536,27859,832,1021,848,1050,Sesion2,Basketball_Varonil.xlsx
108,C107,Jeffrey Bañuelos,13/07/2008,Hombre,Basketball,Countermovement Jump,2026-09-14 06:51:07.207,72.69,Trial 3,39.0,204.0,216.7,0,0,2893,3674,0.51,970,931,0,0,693,761,907,1161,1166,10303,895,919,931,970,Sesion2,Basketball_Varonil.xlsx
110,C106,Javier Castillo,22/02/2003,Hombre,Basketball,Countermovement Jump,2026-09-14 06:44:45.227,90.64,Trial 1,46.3,222.4,267.2,0,0,4229,5711,0.65,1372,1193,0,0,957,1121,1575,1906,39710,32806,1187,1367,1193,1372,Sesion2,Basketball_Varonil.xlsx
110,C106,Javier Castillo,22/02/2003,Hombre,Basketball,Countermovement Jump,2026-09-14 06:44:45.227,90.64,Trial 2,48.3,232.7,265.6,0,0,4232,5210,0.7,1371,1270,0,0,963,1104,1690,1773,29551,29133,1260,1364,1270,1371,Sesion2,Basketball_Varonil.xlsx
110,C106,Javier Castillo,22/02/2003,Hombre,Basketball,Countermovement Jump,2026-09-14 06:44:45.227,90.64,Trial 3,48.3,235.6,273.2,0,0,4180,4627,0.65,1391,1205,0,0,915,1078,1460,1638,35610,30411,1200,1384,1205,1391,Sesion2,Basketball_Varonil.xlsx
16,C169,Andres Lozano,27/05/2005,Hombre,Basketball,Countermovement Jump,2026-09-14 06:38:50.710,76.42,Trial 1,43.0,214.1,209.9,0,0,3428,3416,0.61,1002,1016,0,0,841,830,2119,2513,48328,40744,965,947,1016,1002,Sesion2,Basketball_Varonil.xlsx
16,C169,Andres Lozano,27/05/2005,Hombre,Basketball,Countermovement Jump,2026-09-14 06:38:50.710,76.42,Trial 2,44.1,210.1,217.8,0,250,2897,3527,0.61,974,950,0,2,801,825,4162,4135,121620,115603,943,960,950,974,Sesion2,Basketball_Varonil.xlsx
16,C169,Andres Lozano,27/05/2005,Hombre,Basketball,Countermovement Jump,2026-09-14 06:38:50.710,76.42,Trial 3,43.5,219.8,209.3,0,0,2952,2808,0.58,954,965,2,14,834,816,4268,3715,97765,106693,965,954,964,949,Sesion2,Basketball_Varonil.xlsx
106,C108,Gustavo  Rodriguez,20/09/2007,Hombre,Basketball,Countermovement Jump,2026-09-14 06:34:36.077,75.41,Trial 1,44.6,204.7,202.8,-833,1167,2979,2763,0.66,929,990,0,36,850,874,3474,4059,112760,91413,990,929,990,916,Sesion2,Basketball_Varonil.xlsx
106,C108,Gustavo  Rodriguez,20/09/2007,Hombre,Basketball,Countermovement Jump,2026-09-14 06:34:36.077,75.41,Trial 2,46.2,207.0,203.1,312,375,3402,3003,0.69,973,1008,16,24,866,860,2539,1904,34006,55189,1008,973,1003,965,Sesion2,Basketball_Varonil.xlsx
106,C108,Gustavo  Rodriguez,20/09/2007,Hombre,Basketball,Countermovement Jump,2026-09-14 06:34:36.077,75.41,Trial 3,46.9,201.6,206.0,625,625,3419,3398,0.71,1037,1039,4,8,842,883,3548,3952,123511,104344,1039,1037,1036,1033,Sesion2,Basketball_Varonil.xlsx
17,C166,Adrian Borruel,22/03/2006,Hombre,Basketball,Countermovement Jump,2026-09-14 06:26:36.377,92.95,Trial 1,36.6,205.9,272.3,0,0,3750,3885,0.47,1448,972,0,0,882,1135,3835,3542,88559,95868,958,1424,972,1448,Sesion2,Basketball_Varonil.xlsx
17,C166,Adrian Borruel,22/03/2006,Hombre,Basketball,Countermovement Jump,2026-09-14 06:26:36.377,92.95,Trial 2,37.0,221.0,273.8,3500,-2500,2588,4350,0.44,1366,967,36,0,873,1058,2699,3363,73116,53974,967,1340,911,1366,Sesion2,Basketball_Varonil.xlsx
17,C166,Adrian Borruel,22/03/2006,Hombre,Basketball,Countermovement Jump,2026-09-14 06:26:36.377,92.95,Trial 3,36.8,213.1,266.2,0,0,3359,4717,0.52,1429,1000,24,0,900,1123,3576,2661,55445,77733,1000,1399,973,1429,Sesion2,Basketball_Varonil.xlsx
107,C165,Kleyberson Contramaestre,13/06/2003,Hombre,Basketball,Countermovement Jump,2026-09-14 06:31:03.203,71.4,Trial 1,47.4,209.6,214.8,0,0,3388,3517,0.62,1067,1046,0,0,709,721,2564,3019,188711,142446,1041,1055,1046,1067,Sesion2,Basketball_Varonil.xlsx
107,C165,Kleyberson Contramaestre,13/06/2003,Hombre,Basketball,Countermovement Jump,2026-09-14 06:31:03.203,71.4,Trial 2,48.0,212.0,216.6,0,0,3828,3234,0.6,1067,1005,2,0,714,719,3252,3130,260865,232288,1001,1045,1005,1067,Sesion2,Basketball_Varonil.xlsx
107,C165,Kleyberson Contramaestre,13/06/2003,Hombre,Basketball,Countermovement Jump,2026-09-14 06:31:03.203,71.4,Trial 3,48.8,211.7,216.5,0,0,3888,4912,0.63,1099,1057,0,0,729,749,1434,2266,66658,32592,1042,1066,1057,1099,Sesion2,Basketball_Varonil.xlsx
119,C164,Juan Munoz,25/11/2006,Hombre,Basketball,Countermovement Jump,2026-09-14 06:29:39.807,96.4,Trial 1,41.1,258.3,273.3,0,0,4235,4179,0.53,1276,1353,0,26,936,984,1841,2301,34869,31736,1344,1276,1353,1248,Sesion2,Basketball_Varonil.xlsx
119,C164,Juan Munoz,25/11/2006,Hombre,Basketball,Countermovement Jump,2026-09-14 06:29:39.807,96.4,Trial 2,39.5,283.0,262.5,1000,-250,3521,3234,0.48,1121,1237,6,0,951,959,2652,1880,21368,45719,1237,1106,1233,1121,Sesion2,Basketball_Varonil.xlsx
119,C164,Juan Munoz,25/11/2006,Hombre,Basketball,Countermovement Jump,2026-09-14 06:29:39.807,96.4,Trial 3,39.8,268.5,257.7,500,250,4629,3824,0.51,1273,1412,4,4,920,953,2811,2162,33787,58556,1412,1273,1410,1272,Sesion2,Basketball_Varonil.xlsx
155.0,C096,Habibi Abrin,27/11/2005,Mujer,Natación,Countermovement Jump,2026-08-24 13:39:31.000,67.96,Trial 1,35.4,187.3,193.4,0,0,2484,3010,0.46,921,827,0,0,637,662,2106,1696,65227,87756,814,907,827,921,Sesion1,Natacion_Femenil.xlsx
155.0,C096,Habibi Abrin,27/11/2005,Mujer,Natación,Countermovement Jump,2026-08-24 13:39:31.230,67.96,Trial 2,36.3,180.5,198.9,0,0,2536,3056,0.48,920,839,0,0,655,695,1955,2562,116450,69827,823,920,839,920,Sesion1,Natacion_Femenil.xlsx
155.0,C096,Habibi Abrin,27/11/2005,Mujer,Natación,Countermovement Jump,2026-08-24 13:39:31.230,67.96,Trial 3,36.0,185.2,193.8,0,0,2657,2875,0.48,959,868,2,0,645,663,2343,2187,99404,117157,853,948,868,959,Sesion1,Natacion_Femenil.xlsx
156.0,C095,Crystal Lara,22/04/2005,Mujer,Natación,Countermovement Jump,2026-08-24 13:36:00.603,67.09,Trial 1,25.9,160.0,188.7,2500,-2000,2389,2933,0.37,868,720,2,0,610,660,1377,2198,219790,76508,700,850,720,868,Sesion1,Natacion_Femenil.xlsx
156.0,C095,Crystal Lara,22/04/2005,Mujer,Natación,Countermovement Jump,2026-08-24 13:36:00.603,67.09,Trial 2,24.8,168.8,190.8,0,0,2170,2572,0.33,816,686,0,0,595,620,1562,1700,53122,41109,678,792,686,816,Sesion1,Natacion_Femenil.xlsx
156.0,C095,Crystal Lara,22/04/2005,Mujer,Natación,Countermovement Jump,2026-08-24 13:36:00.603,67.09,Trial 3,25.5,158.6,175.5,0,0,2641,2591,0.37,867,746,2,0,616,640,1460,1721,143408,91259,736,843,746,867,Sesion1,Natacion_Femenil.xlsx
164.0,C088,AnaCamila DeLaFuente,31/05/2006,Mujer,Natación,Countermovement Jump,2026-08-24 13:26:29.750,73.75,Trial 1,30.6,185.9,191.0,0,0,3094,3412,0.45,954,902,0,0,723,738,2901,2978,212707,241762,881,929,902,954,Sesion1,Natacion_Femenil.xlsx
164.0,C088,AnaCamila DeLaFuente,31/05/2006,Mujer,Natación,Countermovement Jump,2026-08-24 13:26:29.750,73.75,Trial 2,31.2,178.8,177.4,0,0,3950,4980,0.5,1008,959,0,0,791,764,3364,3455,246778,336415,943,983,959,1008,Sesion1,Natacion_Femenil.xlsx
164.0,C088,AnaCamila DeLaFuente,31/05/2006,Mujer,Natación,Countermovement Jump,2026-08-24 13:26:29.750,73.75,Trial 3,30.9,185.6,189.1,0,0,3869,4557,0.45,1003,971,0,0,711,719,2007,2722,340237,250893,951,984,971,1003,Sesion1,Natacion_Femenil.xlsx
,C084,AnaCamila Rodriguez,22/02/2005,Mujer,Natación,Countermovement Jump,2026-08-24 13:16:02.183,61.12,Trial 1,28.8,141.7,157.5,0,0,2575,2474,0.4,799,713,2,0,570,640,1066,1349,42163,31350,708,796,713,799,Sesion1,Natacion_Femenil.xlsx
,C084,AnaCamila Rodriguez,22/02/2005,Mujer,Natación,Countermovement Jump,2026-08-24 13:16:02.183,61.12,Trial 2,28.9,145.1,171.8,0,0,2378,2775,0.43,845,703,0,0,557,633,1282,1372,52777,45782,682,828,703,845,Sesion1,Natacion_Femenil.xlsx
,C084,AnaCamila Rodriguez,22/02/2005,Mujer,Natación,Countermovement Jump,2026-08-24 13:16:02.183,61.12,Trial 3,28.6,146.4,167.9,0,0,2372,2901,0.41,800,728,0,0,547,620,985,1420,44382,24622,722,785,728,800,Sesion1,Natacion_Femenil.xlsx
158.0,C083,Daniela Espinosa,09/07/2007,Mujer,Natación,Countermovement Jump,2026-08-24 13:15:58.053,69.14,Trial 1,27.7,195.3,212.5,0,0,2351,2449,0.33,925,871,0,0,609,625,1860,1877,30273,30002,855,903,871,925,Sesion1,Natacion_Femenil.xlsx
158.0,C083,Daniela Espinosa,09/07/2007,Mujer,Natación,Countermovement Jump,2026-08-24 13:15:58.053,69.14,Trial 2,27.3,193.4,211.4,0,0,2269,2370,0.32,895,812,2,0,617,634,1592,1990,39798,31843,801,870,812,895,Sesion1,Natacion_Femenil.xlsx
158.0,C083,Daniela Espinosa,09/07/2007,Mujer,Natación,Countermovement Jump,2026-08-24 13:15:58.053,69.14,Trial 3,27.4,192.5,201.7,0,0,2379,2414,0.33,907,855,0,0,641,633,1781,1605,38212,44529,836,889,855,907,Sesion1,Natacion_Femenil.xlsx
160.0,C085,Tania Naranjo,17/07/2005,Mujer,Natación,Countermovement Jump,2026-08-24 13:18:45.753,57.3,Trial 1,29.9,148.6,143.7,0,0,2667,2356,0.41,714,732,0,0,560,565,1413,1854,38629,27171,732,699,732,714,Sesion1,Natacion_Femenil.xlsx
160.0,C085,Tania Naranjo,17/07/2005,Mujer,Natación,Countermovement Jump,2026-08-24 13:18:45.753,57.3,Trial 2,30.6,144.2,145.0,0,0,2852,2399,0.44,715,743,0,0,559,566,1188,1370,25374,19160,731,715,743,715,Sesion1,Natacion_Femenil.xlsx
160.0,C085,Tania Naranjo,17/07/2005,Mujer,Natación,Countermovement Jump,2026-08-24 13:18:45.753,57.3,Trial 3,30.9,144.9,142.6,4500,-500,3167,2692,0.47,749,747,2,0,566,566,1484,1359,28317,33725,747,744,740,749,Sesion1,Natacion_Femenil.xlsx
154,C103,Alonso Rodriguez,09/05/2007,Hombre,Natación,Countermovement Jump,2026-08-24 13:38:37.000,89.02,Trial 1,28.0,242.6,251.9,0,0,2716,2596,0.35,965,897,0,4,828,849,2391,3704,132280,62916,883,965,897,965,Sesion1,Natacion_Varonil.xlsx
154,C103,Alonso Rodriguez,09/05/2007,Hombre,Natación,Countermovement Jump,2026-08-24 13:38:36.623,89.02,Trial 2,28.2,237.8,249.9,0,0,2878,2875,0.36,977,934,0,2,851,914,2118,2910,103923,58828,907,949,934,977,Sesion1,Natacion_Varonil.xlsx
154,C103,Alonso Rodriguez,09/05/2007,Hombre,Natación,Countermovement Jump,2026-08-24 13:38:36.623,89.02,Trial 3,27.3,247.0,258.0,0,0,2106,2326,0.32,959,825,0,0,801,852,3632,3492,109120,106817,825,958,825,959,Sesion1,Natacion_Varonil.xlsx
162,C092,Guillermo Cepeda,22/04/2003,Hombre,Natación,Countermovement Jump,2026-08-24 13:22:22.377,84.93,Trial 1,46.6,240.1,235.3,0,0,4091,3979,0.65,1217,1166,0,0,906,916,1410,2776,92530,30655,1166,1210,1166,1217,Sesion1,Natacion_Varonil.xlsx
162,C092,Guillermo Cepeda,22/04/2003,Hombre,Natación,Countermovement Jump,2026-08-24 13:22:22.377,84.93,Trial 2,45.3,234.7,236.2,750,-500,4771,4108,0.66,1191,1181,4,0,890,921,2059,3428,285658,102957,1181,1188,1179,1191,Sesion1,Natacion_Varonil.xlsx
162,C092,Guillermo Cepeda,22/04/2003,Hombre,Natación,Countermovement Jump,2026-08-24 13:22:22.377,84.93,Trial 3,46.9,239.5,242.5,0,0,4352,4523,0.64,1230,1220,0,0,858,874,3014,3252,232278,251179,1216,1223,1220,1230,Sesion1,Natacion_Varonil.xlsx
152,C086,Andres Gonzalez,03/01/2005,Hombre,Natación,Countermovement Jump,2026-08-24 13:19:33.360,73.26,Trial 1,39.2,233.0,241.5,-57,121,1588,1732,0.42,746,758,0,284,702,711,2578,2261,35327,42969,754,746,758,712,Sesion1,Natacion_Varonil.xlsx
152,C086,Andres Gonzalez,03/01/2005,Hombre,Natación,Countermovement Jump,2026-08-24 13:19:33.360,73.26,Trial 2,39.3,234.7,240.2,0,0,1784,2098,0.42,768,795,0,2,703,701,2321,2190,91246,33159,780,768,795,767,Sesion1,Natacion_Varonil.xlsx
152,C086,Andres Gonzalez,03/01/2005,Hombre,Natación,Countermovement Jump,2026-08-24 13:19:33.360,73.26,Trial 3,38.6,237.5,224.1,0,0,1702,2159,0.42,757,772,0,266,724,720,3666,2822,201564,366615,768,757,772,747,Sesion1,Natacion_Varonil.xlsx
153,C093,Marco Meléndez,12/01/2007,Hombre,Natación,Countermovement Jump,2026-08-24 13:36:16.753,68.24,Trial 1,35.5,169.4,181.7,781,794,1807,2065,0.47,874,792,160,156,755,791,1962,2126,39368,31642,792,874,667,748,Sesion1,Natacion_Varonil.xlsx
153,C093,Marco Meléndez,12/01/2007,Hombre,Natación,Countermovement Jump,2026-08-24 13:36:16.753,68.24,Trial 2,36.3,183.4,192.3,90,303,1810,1843,0.46,807,732,200,186,719,745,2259,2945,61351,41829,732,807,709,750,Sesion1,Natacion_Varonil.xlsx
153,C093,Marco Meléndez,12/01/2007,Hombre,Natación,Countermovement Jump,2026-08-24 13:36:16.753,68.24,Trial 3,35.5,170.6,193.3,0,0,2015,1965,0.47,840,732,186,0,712,765,1822,3037,66019,33737,732,840,721,840,Sesion1,Natacion_Varonil.xlsx
151,C087,Roberto Valdes,01/11/2006,Hombre,Natación,Countermovement Jump,2026-08-24 13:33:46.217,82.83,Trial 1,39.8,246.7,248.6,0,0,3082,2756,0.49,959,1039,0,2,791,829,1727,2043,34048,29778,1029,944,1039,959,Sesion1,Natacion_Varonil.xlsx
151,C087,Roberto Valdes,01/11/2006,Hombre,Natación,Countermovement Jump,2026-08-24 13:33:46.217,82.83,Trial 2,38.3,257.0,251.0,0,0,3109,2324,0.45,1030,1063,0,2,798,796,2090,2461,47325,37324,1047,1012,1063,1030,Sesion1,Natacion_Varonil.xlsx
151,C087,Roberto Valdes,01/11/2006,Hombre,Natación,Countermovement Jump,2026-08-24 13:33:46.217,82.83,Trial 3,39.1,240.3,242.8,0,0,4007,3643,0.5,1048,1145,0,0,820,836,2144,2368,42284,39706,1100,1032,1145,1048,Sesion1,Natacion_Varonil.xlsx
157,C091,Marcelo  Santos,07/07/2005,Hombre,Natación,Countermovement Jump,2026-08-24 13:31:03.620,69.22,Trial 1,43.3,181.2,210.1,0,0,2298,2779,0.58,979,847,0,0,715,780,622,4525,98364,622,833,976,847,979,Sesion1,Natacion_Varonil.xlsx
157,C091,Marcelo  Santos,07/07/2005,Hombre,Natación,Countermovement Jump,2026-08-24 13:31:03.620,69.22,Trial 2,43.0,183.3,191.7,0,0,2569,2786,0.63,985,878,0,6,763,776,4332,5054,194376,196923,864,951,878,985,Sesion1,Natacion_Varonil.xlsx
157,C091,Marcelo  Santos,07/07/2005,Hombre,Natación,Countermovement Jump,2026-08-24 13:31:03.620,69.22,Trial 3,43.2,173.5,195.6,0,0,2620,3062,0.64,1006,903,0,0,762,831,3793,4551,175029,135475,887,1004,903,1006,Sesion1,Natacion_Varonil.xlsx
159,C089,Rodrigo Vivar,15/05/2005,Hombre,Natación,Countermovement Jump,2026-08-24 13:30:11.630,89.38,Trial 1,38.2,258.8,252.2,0,0,2754,3006,0.46,1164,1109,2,0,850,865,4931,4709,147153,164372,1101,1149,1109,1164,Sesion1,Natacion_Varonil.xlsx
159,C089,Rodrigo Vivar,15/05/2005,Hombre,Natación,Countermovement Jump,2026-08-24 13:30:11.630,89.38,Trial 2,39.5,255.5,249.6,0,0,4024,3993,0.52,1181,1260,0,0,846,878,5433,6081,168914,135829,1246,1159,1260,1181,Sesion1,Natacion_Varonil.xlsx
159,C089,Rodrigo Vivar,15/05/2005,Hombre,Natación,Countermovement Jump,2026-08-24 13:30:11.630,89.38,Trial 3,39.3,253.4,253.6,0,0,3264,3393,0.47,1194,1191,0,0,852,889,4915,4570,228495,273064,1176,1174,1191,1194,Sesion1,Natacion_Varonil.xlsx
161,C094,Maximiliano Perez,08/05/2006,Hombre,Natación,Countermovement Jump,2026-08-24 13:28:19.090,88.17,Trial 1,42.4,234.6,252.7,0,0,4496,4789,0.6,1317,1100,2,0,919,923,2117,2147,71559,62274,1047,1306,1100,1317,Sesion1,Natacion_Varonil.xlsx
161,C094,Maximiliano Perez,08/05/2006,Hombre,Natación,Countermovement Jump,2026-08-24 13:28:19.090,88.17,Trial 2,41.4,225.8,250.9,0,0,4466,5500,0.62,1335,1066,0,0,969,977,2313,2496,37815,38555,1049,1322,1066,1335,Sesion1,Natacion_Varonil.xlsx
161,C094,Maximiliano Perez,08/05/2006,Hombre,Natación,Countermovement Jump,2026-08-24 13:28:19.090,88.17,Trial 3,41.8,247.1,254.6,0,0,4275,4250,0.57,1223,1153,0,0,922,927,2121,2617,48459,39283,1127,1220,1153,1223,Sesion1,Natacion_Varonil.xlsx
163,C090,Ruben Cantu,04/02/2004,Hombre,Natación,Countermovement Jump,2026-08-24 13:23:30.707,91.91,Trial 1,46.1,247.3,281.9,833,0,2947,3450,0.58,1236,1031,6,10,937,1012,614,4135,159029,25596,1031,1236,1026,1232,Sesion1,Natacion_Varonil.xlsx
163,C090,Ruben Cantu,04/02/2004,Hombre,Natación,Countermovement Jump,2026-08-24 13:23:30.707,91.91,Trial 2,46.3,251.7,270.3,0,0,3584,3627,0.57,1244,1141,0,0,952,1007,3063,3582,179088,139241,1132,1244,1141,1244,Sesion1,Natacion_Varonil.xlsx
163,C090,Ruben Cantu,04/02/2004,Hombre,Natación,Countermovement Jump,2026-08-24 13:23:30.707,91.91,Trial 3,45.7,247.3,271.3,1250,500,3059,3122,0.59,1232,1116,6,4,955,1025,4177,4459,278673,261081,1116,1232,1110,1232,Sesion1,Natacion_Varonil.xlsx
71.0,,Luisa Rodríguez,05/02/2008,Mujer,Soccer,Countermovement Jump,2026-08-17 06:56:28.003,52.92,Trial 2,21.6,136.9,126.4,267,369,645,500,0.23,487,531,206,216,502,466,1390,1598,34732,30210,531,487,476,408,Sesion1,Soccer_Femenil.xlsx
71.0,,Luisa Rodríguez,05/02/2008,Mujer,Soccer,Countermovement Jump,2026-08-17 06:56:28.003,52.92,Trial 3,20.6,125.7,128.1,325,273,717,687,0.23,527,533,198,194,508,498,1185,1025,19705,24680,533,527,470,474,Sesion1,Soccer_Femenil.xlsx
71.0,,Luisa Rodríguez,05/02/2008,Mujer,Soccer,Countermovement Jump,2026-08-17 06:56:28.003,52.92,Trial 4,20.4,138.9,133.9,426,326,549,488,0.21,496,528,238,230,507,461,1766,1565,24448,30442,528,496,427,421,Sesion1,Soccer_Femenil.xlsx
64.0,,Michelle Carrizales,25/09/2008,Mujer,Soccer,Countermovement Jump,2026-08-17 06:55:06.753,69.8,Trial 1,21.7,192.3,189.8,200,200,1465,1399,0.25,653,688,24,272,624,653,2044,1611,100701,102183,688,653,684,629,Sesion1,Soccer_Femenil.xlsx
64.0,,Michelle Carrizales,25/09/2008,Mujer,Soccer,Countermovement Jump,2026-08-17 06:55:06.753,69.8,Trial 2,22.1,196.6,180.8,1250,250,1972,2051,0.27,719,715,4,2,614,594,2902,1939,88147,207262,715,712,712,719,Sesion1,Soccer_Femenil.xlsx
64.0,,Michelle Carrizales,25/09/2008,Mujer,Soccer,Countermovement Jump,2026-08-17 06:55:06.753,69.8,Trial 3,21.6,194.3,173.2,1500,0,2329,1959,0.28,711,811,2,0,623,566,2861,2354,168159,178791,810,697,811,711,Sesion1,Soccer_Femenil.xlsx
78.0,,Laura Pizano (usar este perfil),03/05/2006,Mujer,Soccer,Countermovement Jump,2026-08-17 06:50:36.150,93.66,Trial 1,18.4,241.0,238.8,0,0,2639,3007,0.21,964,979,2,0,732,783,2095,2386,49713,40282,979,951,979,964,Sesion1,Soccer_Femenil.xlsx
78.0,,Laura Pizano (usar este perfil),03/05/2006,Mujer,Soccer,Countermovement Jump,2026-08-17 06:50:36.150,93.66,Trial 2,19.4,244.6,260.7,0,0,1984,2378,0.22,1040,961,0,0,734,771,1929,2285,43947,37090,946,1019,961,1040,Sesion1,Soccer_Femenil.xlsx
78.0,,Laura Pizano (usar este perfil),03/05/2006,Mujer,Soccer,Countermovement Jump,2026-08-17 06:50:36.150,93.66,Trial 3,17.9,269.7,241.5,0,0,2661,2115,0.2,998,979,0,0,766,749,2019,1547,28652,32559,970,962,979,998,Sesion1,Soccer_Femenil.xlsx
61.0,,Keyra Gonzalez,26/12/2005,Mujer,Soccer,Countermovement Jump,2026-08-17 06:43:41.667,67.58,Trial 1,26.3,156.8,166.5,0,0,2302,2760,0.38,850,864,0,0,612,671,1389,2122,62418,40843,855,848,864,850,Sesion1,Soccer_Femenil.xlsx
61.0,,Keyra Gonzalez,26/12/2005,Mujer,Soccer,Countermovement Jump,2026-08-17 06:43:41.667,67.58,Trial 2,26.4,171.8,180.8,0,0,2057,1863,0.34,820,812,0,0,627,651,1916,1911,50295,45611,802,818,812,820,Sesion1,Soccer_Femenil.xlsx
61.0,,Keyra Gonzalez,26/12/2005,Mujer,Soccer,Countermovement Jump,2026-08-17 06:43:41.667,67.58,Trial 3,26.3,170.2,178.6,0,0,2210,2817,0.35,856,846,0,0,609,635,1440,1950,54173,35992,822,852,846,856,Sesion1,Soccer_Femenil.xlsx
60.0,,Miranda Flores (usar este perfil),08/04/2006,Mujer,Soccer,Countermovement Jump,2026-08-17 06:41:46.677,55.59,Trial 3,27.1,128.7,130.6,0,0,2014,2226,0.43,630,639,4,18,578,590,1532,1687,32451,29452,639,628,638,630,Sesion1,Soccer_Femenil.xlsx
60.0,,Miranda Flores (usar este perfil),08/04/2006,Mujer,Soccer,Countermovement Jump,2026-08-17 06:41:46.677,55.59,Trial 4,27.5,125.2,133.2,0,0,1959,1899,0.43,669,647,0,168,593,612,1382,1608,29786,26568,641,669,647,639,Sesion1,Soccer_Femenil.xlsx
60.0,,Miranda Flores (usar este perfil),08/04/2006,Mujer,Soccer,Countermovement Jump,2026-08-17 06:41:46.677,55.59,Trial 5,27.8,128.5,132.6,1500,0,1948,2036,0.44,637,618,2,4,579,600,1741,2008,50211,43513,618,637,618,636,Sesion1,Soccer_Femenil.xlsx
73.0,,Kamila Ramírez,12/12/2006,Mujer,Soccer,Countermovement Jump,2026-08-17 06:39:57.653,63.15,Trial 1,21.9,141.7,145.5,0,0,2427,2606,0.31,765,763,0,0,564,571,1044,1340,19146,16307,763,765,763,765,Sesion1,Soccer_Femenil.xlsx
73.0,,Kamila Ramírez,12/12/2006,Mujer,Soccer,Countermovement Jump,2026-08-17 06:39:57.653,63.15,Trial 2,22.2,141.5,139.0,0,0,2958,3124,0.36,843,777,0,0,582,566,1140,1125,22504,25901,774,828,777,843,Sesion1,Soccer_Femenil.xlsx
73.0,,Kamila Ramírez,12/12/2006,Mujer,Soccer,Countermovement Jump,2026-08-17 06:39:57.653,63.15,Trial 3,21.6,140.6,143.4,0,0,1921,2361,0.31,791,725,2,0,570,560,1389,1188,18566,22398,723,783,725,791,Sesion1,Soccer_Femenil.xlsx
68.0,,Mariana Duran,28/01/2003,Mujer,Soccer,Countermovement Jump,2026-08-17 06:38:14.093,62.77,Trial 1,36.1,162.6,161.6,0,0,2713,2546,0.51,814,794,0,0,652,612,1165,1620,32405,19416,792,812,794,814,Sesion1,Soccer_Femenil.xlsx
68.0,,Mariana Duran,28/01/2003,Mujer,Soccer,Countermovement Jump,2026-08-17 06:38:14.093,62.77,Trial 2,36.5,158.1,155.0,0,0,3759,3238,0.54,877,857,0,0,670,623,1556,1972,39445,28814,857,876,857,877,Sesion1,Soccer_Femenil.xlsx
68.0,,Mariana Duran,28/01/2003,Mujer,Soccer,Countermovement Jump,2026-08-17 06:38:14.093,62.77,Trial 5,35.9,158.9,154.7,1000,-667,3136,3424,0.55,865,850,6,0,648,618,1707,1849,31883,27532,850,859,844,865,Sesion1,Soccer_Femenil.xlsx
72.0,,Natalia Lepine ,28/12/2007,Mujer,Soccer,Countermovement Jump,2026-08-17 06:37:09.163,51.21,Trial 1,21.5,116.5,112.1,0,0,1736,1701,0.33,568,534,166,0,512,478,1307,1654,26681,18667,527,546,534,568,Sesion1,Soccer_Femenil.xlsx
72.0,,Natalia Lepine ,28/12/2007,Mujer,Soccer,Countermovement Jump,2026-08-17 06:37:09.163,51.21,Trial 2,20.8,117.4,114.4,0,0,2034,1865,0.31,579,546,2,0,494,470,1347,1567,30139,23218,544,571,546,579,Sesion1,Soccer_Femenil.xlsx
72.0,,Natalia Lepine ,28/12/2007,Mujer,Soccer,Countermovement Jump,2026-08-17 06:37:09.163,51.21,Trial 3,20.7,120.6,118.9,0,0,1483,1561,0.27,573,535,0,0,472,450,1026,1274,31856,21368,518,564,535,573,Sesion1,Soccer_Femenil.xlsx
82.0,,Mariana Gonzalez (usar este perfil),31/10/2003,Mujer,Soccer,Countermovement Jump,2026-08-17 06:32:32.417,60.83,Trial 1,21.7,159.5,150.5,0,0,2203,2307,0.28,687,661,0,0,559,529,1415,1445,28891,29470,655,682,661,687,Sesion1,Soccer_Femenil.xlsx
82.0,,Mariana Gonzalez (usar este perfil),31/10/2003,Mujer,Soccer,Countermovement Jump,2026-08-17 06:32:32.417,60.83,Trial 2,21.4,154.4,147.0,0,0,2329,2107,0.28,685,684,0,2,550,540,1273,1501,26795,24473,678,682,684,685,Sesion1,Soccer_Femenil.xlsx
82.0,,Mariana Gonzalez (usar este perfil),31/10/2003,Mujer,Soccer,Countermovement Jump,2026-08-17 06:32:32.417,60.83,Trial 3,21.8,150.2,163.4,0,0,1997,2376,0.28,687,624,0,0,541,549,1059,1729,43214,26465,605,676,624,687,Sesion1,Soccer_Femenil.xlsx
85.0,,Nailea Martinez (usar este perfil),22/04/2005,Mujer,Soccer,Countermovement Jump,2026-08-17 06:29:17.567,58.35,Trial 2,26.0,138.1,129.6,0,0,2931,2893,0.41,795,762,2,0,570,524,1789,1380,25547,34412,762,795,762,795,Sesion1,Soccer_Femenil.xlsx
85.0,,Nailea Martinez (usar este perfil),22/04/2005,Mujer,Soccer,Countermovement Jump,2026-08-17 06:29:17.567,58.35,Trial 3,27.1,136.3,142.0,0,0,2808,2652,0.39,780,737,0,0,544,565,1454,1858,37151,27970,731,775,737,780,Sesion1,Soccer_Femenil.xlsx
85.0,,Nailea Martinez (usar este perfil),22/04/2005,Mujer,Soccer,Countermovement Jump,2026-08-17 06:29:17.567,58.35,Trial 4,26.5,134.2,141.3,1000,0,2629,2763,0.38,821,705,14,0,550,550,1728,1766,35311,32008,705,811,699,821,Sesion1,Soccer_Femenil.xlsx
,,Marcela Gonzalez,24/05/2005,Mujer,Soccer,Countermovement Jump,2026-08-17 06:24:52.213,69.79,Trial 1,22.7,172.6,182.3,0,0,2255,2435,0.29,839,775,0,0,611,632,2550,3027,189180,141652,773,821,775,839,Sesion1,Soccer_Femenil.xlsx
,,Marcela Gonzalez,24/05/2005,Mujer,Soccer,Countermovement Jump,2026-08-17 06:24:52.213,69.79,Trial 5,20.5,170.9,173.6,0,0,1695,2019,0.25,782,715,4,0,588,600,2537,2165,108244,140930,715,778,712,782,Sesion1,Soccer_Femenil.xlsx
,,Marcela Gonzalez,24/05/2005,Mujer,Soccer,Countermovement Jump,2026-08-17 06:24:52.213,69.79,Trial 6,20.7,166.9,191.9,0,0,1801,2119,0.25,798,719,0,0,576,645,1777,2224,69496,49354,718,795,719,798,Sesion1,Soccer_Femenil.xlsx
67.0,,Kenya Felix,22/11/2006,Mujer,Soccer,Countermovement Jump,2026-08-17 06:21:46.330,60.65,Trial 2,27.2,158.8,160.0,333,667,1081,1266,0.32,638,614,10,6,562,574,1892,2657,110727,78826,614,638,609,634,Sesion1,Soccer_Femenil.xlsx
67.0,,Kenya Felix,22/11/2006,Mujer,Soccer,Countermovement Jump,2026-08-17 06:21:46.330,60.65,Trial 3,27.5,156.2,156.8,250,0,1388,1422,0.35,679,647,8,0,560,580,1821,2438,135469,101157,647,678,647,679,Sesion1,Soccer_Femenil.xlsx
67.0,,Kenya Felix,22/11/2006,Mujer,Soccer,Countermovement Jump,2026-08-17 06:21:46.330,60.65,Trial 4,27.7,157.7,156.6,500,0,1451,1337,0.35,667,675,6,0,552,582,2075,2686,191889,129677,675,664,675,667,Sesion1,Soccer_Femenil.xlsx
81.0,,Mariana Flores (usar este perfil),03/12/2004,Mujer,Soccer,Countermovement Jump,2026-08-17 06:20:43.170,62.47,Trial 1,25.0,159.1,153.5,0,500,1897,1795,0.35,662,688,0,2,557,580,1587,1496,46757,52889,687,650,688,662,Sesion1,Soccer_Femenil.xlsx
81.0,,Mariana Flores (usar este perfil),03/12/2004,Mujer,Soccer,Countermovement Jump,2026-08-17 06:20:43.170,62.47,Trial 2,24.3,147.2,158.9,0,0,2101,2227,0.35,733,711,0,0,556,593,2228,1715,57174,85679,695,718,711,733,Sesion1,Soccer_Femenil.xlsx
81.0,,Mariana Flores (usar este perfil),03/12/2004,Mujer,Soccer,Countermovement Jump,2026-08-17 06:20:43.170,62.47,Trial 3,25.8,157.1,153.2,0,0,2588,1923,0.37,696,759,0,2,566,593,1346,1383,36401,30583,741,684,759,696,Sesion1,Soccer_Femenil.xlsx
77.0,,Valentina Murillo,18/06/2006,Mujer,Soccer,Countermovement Jump,2026-08-17 06:18:12.007,58.01,Trial 1,25.2,115.0,121.7,1714,-750,3464,3935,0.49,886,855,36,2,604,625,1024,1445,24906,13833,764,883,855,886,Sesion1,Soccer_Femenil.xlsx
77.0,,Valentina Murillo,18/06/2006,Mujer,Soccer,Countermovement Jump,2026-08-17 06:18:12.007,58.01,Trial 3,24.8,124.3,130.1,0,0,2869,3227,0.41,817,689,6,0,577,601,799,1012,15805,11409,689,816,684,817,Sesion1,Soccer_Femenil.xlsx
77.0,,Valentina Murillo,18/06/2006,Mujer,Soccer,Countermovement Jump,2026-08-17 06:18:12.007,58.01,Trial 4,24.7,125.6,137.9,0,0,2302,3137,0.35,786,669,6,0,542,570,783,1416,37251,13493,668,775,669,786,Sesion1,Soccer_Femenil.xlsx
70.0,,Xanic Benitez,02/10/2005,Mujer,Soccer,Countermovement Jump,2026-08-17 06:15:06.033,54.85,Trial 1,27.7,135.5,132.6,500,500,2274,1993,0.41,610,699,2,12,534,548,1438,1557,59869,65382,697,610,699,606,Sesion1,Soccer_Femenil.xlsx
70.0,,Xanic Benitez,02/10/2005,Mujer,Soccer,Countermovement Jump,2026-08-17 06:15:06.033,54.85,Trial 3,27.4,125.8,122.6,0,0,2886,2282,0.41,683,744,0,0,562,558,1419,1572,46224,44357,739,681,744,683,Sesion1,Soccer_Femenil.xlsx
70.0,,Xanic Benitez,02/10/2005,Mujer,Soccer,Countermovement Jump,2026-08-17 06:15:06.033,54.85,Trial 4,25.4,137.7,119.4,0,0,2182,2466,0.36,699,705,4,0,569,455,2443,1851,54429,81447,697,689,705,699,Sesion1,Soccer_Femenil.xlsx
62.0,,Maria Guerra,30/06/2005,Mujer,Soccer,Countermovement Jump,2026-08-17 06:14:54.967,60.58,Trial 1,32.2,171.7,155.9,2000,-1500,2145,1511,0.41,661,737,2,0,622,597,1800,1822,32540,34609,737,661,733,661,Sesion1,Soccer_Femenil.xlsx
62.0,,Maria Guerra,30/06/2005,Mujer,Soccer,Countermovement Jump,2026-08-17 06:14:54.967,60.58,Trial 2,32.2,159.0,159.1,1000,0,1826,2000,0.43,682,709,2,6,592,618,1740,1547,33635,48324,705,682,709,682,Sesion1,Soccer_Femenil.xlsx
62.0,,Maria Guerra,30/06/2005,Mujer,Soccer,Countermovement Jump,2026-08-17 06:14:54.967,60.58,Trial 3,31.3,174.2,162.9,1000,-500,1839,1691,0.39,709,726,2,0,600,577,1922,1649,31716,40035,726,706,726,709,Sesion1,Soccer_Femenil.xlsx
59.0,,Romina Cassani (usar este perfil),18/10/2002,Mujer,Soccer,Countermovement Jump,2026-08-17 06:11:56.610,53.68,Trial 1,27.6,132.0,134.3,0,0,2034,2085,0.4,655,642,0,6,499,517,976,1298,40548,28701,635,651,642,655,Sesion1,Soccer_Femenil.xlsx
59.0,,Romina Cassani (usar este perfil),18/10/2002,Mujer,Soccer,Countermovement Jump,2026-08-17 06:11:56.610,53.68,Trial 2,27.0,136.4,129.8,0,0,2148,2137,0.39,657,665,0,0,513,500,1115,948,23688,24236,665,651,665,657,Sesion1,Soccer_Femenil.xlsx
59.0,,Romina Cassani (usar este perfil),18/10/2002,Mujer,Soccer,Countermovement Jump,2026-08-17 06:11:56.610,53.68,Trial 3,26.8,126.2,132.4,0,0,2456,2627,0.42,702,692,0,0,493,519,958,1394,58064,29933,676,700,692,702,Sesion1,Soccer_Femenil.xlsx
69.0,,Isabela  Fraustro,30/05/2008,Mujer,Soccer,Countermovement Jump,2026-08-17 06:53:01.143,52.03,Trial 1,26.3,135.7,136.7,437,342,761,820,0.3,544,534,190,190,491,501,904,866,17312,14580,534,544,451,479,Sesion1,Soccer_Femenil.xlsx
69.0,,Isabela  Fraustro,30/05/2008,Mujer,Soccer,Countermovement Jump,2026-08-17 06:53:01.143,52.03,Trial 3,27.1,135.7,140.5,0,500,969,1110,0.31,543,527,2,12,487,501,694,788,12703,9131,522,543,527,537,Sesion1,Soccer_Femenil.xlsx
69.0,,Isabela  Fraustro,30/05/2008,Mujer,Soccer,Countermovement Jump,2026-08-17 06:53:01.143,52.03,Trial 5,25.9,141.1,142.9,233,242,763,819,0.29,518,494,236,228,473,492,1434,1203,28634,32591,494,518,439,461,Sesion1,Soccer_Femenil.xlsx
74.0,,Dana  Tinajero,01/10/2009,Mujer,Soccer,Countermovement Jump,2026-08-17 06:49:22.567,62.58,Trial 1,25.5,146.6,142.1,0,0,3074,2603,0.39,789,798,0,0,609,618,1406,1386,38490,35150,798,776,798,789,Sesion1,Soccer_Femenil.xlsx
74.0,,Dana  Tinajero,01/10/2009,Mujer,Soccer,Countermovement Jump,2026-08-17 06:49:22.567,62.58,Trial 3,24.9,154.5,145.7,0,0,2630,1894,0.35,724,766,0,0,614,616,1365,1780,38688,27300,766,722,766,724,Sesion1,Soccer_Femenil.xlsx
74.0,,Dana  Tinajero,01/10/2009,Mujer,Soccer,Countermovement Jump,2026-08-17 06:49:22.567,62.58,Trial 4,24.8,144.0,165.4,0,0,2373,2370,0.33,726,767,0,4,575,634,1072,1949,42362,15765,748,726,767,724,Sesion1,Soccer_Femenil.xlsx
65.0,,Celeste Lucio (usar este perfil),04/04/2002,Mujer,Soccer,Countermovement Jump,2026-08-17 06:47:09.380,90.06,Trial 1,26.0,223.3,245.9,500,2000,2894,2762,0.33,1022,979,2,2,804,861,2537,2296,34791,46975,979,1022,978,1020,Sesion1,Soccer_Femenil.xlsx
65.0,,Celeste Lucio (usar este perfil),04/04/2002,Mujer,Soccer,Countermovement Jump,2026-08-17 06:47:09.380,90.06,Trial 2,26.0,221.4,233.4,500,-333,2752,3051,0.33,1062,954,8,0,849,860,1981,1651,29486,39613,954,1051,950,1062,Sesion1,Soccer_Femenil.xlsx
65.0,,Celeste Lucio (usar este perfil),04/04/2002,Mujer,Soccer,Countermovement Jump,2026-08-17 06:47:09.380,90.06,Trial 3,25.7,223.6,255.2,-63,875,2150,2488,0.29,1014,939,6,16,790,865,2299,2451,38300,39632,939,1014,939,1000,Sesion1,Soccer_Femenil.xlsx
75.0,,Ana Ramírez,06/06/2007,Mujer,Soccer,Countermovement Jump,2026-08-17 06:45:22.050,64.42,Trial 2,21.8,152.9,147.0,0,0,2092,1635,0.29,653,702,0,2,579,581,1354,1111,24144,45132,697,650,702,653,Sesion1,Soccer_Femenil.xlsx
75.0,,Ana Ramírez,06/06/2007,Mujer,Soccer,Countermovement Jump,2026-08-17 06:45:22.050,64.42,Trial 5,22.5,148.2,148.2,-1500,2500,2661,2480,0.33,735,762,0,2,559,575,1489,1300,43320,62040,752,720,762,735,Sesion1,Soccer_Femenil.xlsx
75.0,,Ana Ramírez,06/06/2007,Mujer,Soccer,Countermovement Jump,2026-08-17 06:45:22.050,64.42,Trial 6,22.2,145.6,143.6,0,0,2672,2473,0.35,737,786,0,0,575,598,1637,1204,50150,81848,785,735,786,737,Sesion1,Soccer_Femenil.xlsx
84.0,,Harum Kim (usar este perfil),06/10/2004,Mujer,Soccer,Countermovement Jump,2026-08-17 06:35:27.500,62.39,Trial 2,26.6,139.0,150.7,0,0,2436,3231,0.41,835,759,0,0,582,626,961,1399,31786,18482,756,832,759,835,Sesion1,Soccer_Femenil.xlsx
84.0,,Harum Kim (usar este perfil),06/10/2004,Mujer,Soccer,Countermovement Jump,2026-08-17 06:35:27.500,62.39,Trial 3,26.9,143.1,155.1,0,0,2134,2604,0.41,844,744,4,8,570,601,1089,1354,26030,24751,744,844,744,844,Sesion1,Soccer_Femenil.xlsx
84.0,,Harum Kim (usar este perfil),06/10/2004,Mujer,Soccer,Countermovement Jump,2026-08-17 06:35:27.500,62.39,Trial 4,26.0,140.9,157.3,3000,-1000,2023,2160,0.36,804,721,2,0,546,600,984,1291,32264,27335,721,804,715,804,Sesion1,Soccer_Femenil.xlsx
63.0,,Daniela Cano,27/07/2005,Mujer,Soccer,Countermovement Jump,2026-08-17 06:29:55.960,66.09,Trial 1,28.5,147.7,142.2,0,1000,3939,4213,0.44,889,943,2,6,696,684,1445,1197,23944,34397,942,889,943,887,Sesion1,Soccer_Femenil.xlsx
63.0,,Daniela Cano,27/07/2005,Mujer,Soccer,Countermovement Jump,2026-08-17 06:29:55.960,66.09,Trial 2,27.7,145.1,145.1,-1000,2500,3991,4077,0.48,923,936,0,2,652,668,1368,1395,26831,25327,919,923,936,922,Sesion1,Soccer_Femenil.xlsx
63.0,,Daniela Cano,27/07/2005,Mujer,Soccer,Countermovement Jump,2026-08-17 06:29:55.960,66.09,Trial 3,28.5,149.6,144.4,750,250,3748,4031,0.43,881,924,12,2,694,678,1328,1367,29722,26553,924,881,915,878,Sesion1,Soccer_Femenil.xlsx
66.0,,Alejandra Saldana,28/05/2004,Mujer,Soccer,Countermovement Jump,2026-08-17 06:27:11.513,61.53,Trial 1,26.4,162.8,167.9,1000,167,1195,1551,0.31,674,629,14,4,583,583,1747,1705,42631,39697,629,673,628,674,Sesion1,Soccer_Femenil.xlsx
66.0,,Alejandra Saldana,28/05/2004,Mujer,Soccer,Countermovement Jump,2026-08-17 06:27:11.513,61.53,Trial 2,26.0,161.8,163.5,1000,500,1746,2009,0.32,751,707,2,2,599,587,1984,1734,54194,58343,703,751,707,751,Sesion1,Soccer_Femenil.xlsx
66.0,,Alejandra Saldana,28/05/2004,Mujer,Soccer,Countermovement Jump,2026-08-17 06:27:11.513,61.53,Trial 3,26.4,156.8,163.2,0,0,2065,2153,0.34,783,731,0,0,564,572,1403,1777,63472,43833,729,769,731,783,Sesion1,Soccer_Femenil.xlsx
79.0,,Ana Paula Clorio (Usar este perfil),04/04/2002,Mujer,Soccer,Countermovement Jump,2026-08-17 06:24:22.727,73.79,Trial 1,25.5,184.4,196.7,0,0,1906,2016,0.32,886,811,0,0,657,687,1389,1697,22935,19838,807,886,811,886,Sesion1,Soccer_Femenil.xlsx
79.0,,Ana Paula Clorio (Usar este perfil),04/04/2002,Mujer,Soccer,Countermovement Jump,2026-08-17 06:24:22.727,73.79,Trial 2,26.1,182.0,192.4,1500,250,1983,2329,0.34,899,822,10,4,647,676,1832,1609,22989,26936,822,898,814,899,Sesion1,Soccer_Femenil.xlsx
79.0,,Ana Paula Clorio (Usar este perfil),04/04/2002,Mujer,Soccer,Countermovement Jump,2026-08-17 06:24:22.727,73.79,Trial 3,25.7,178.4,190.4,750,0,2288,2412,0.34,909,812,4,0,647,680,1866,1902,27974,26652,812,903,812,909,Sesion1,Soccer_Femenil.xlsx
76.0,,Carolina Webber (usar este perfil),06/11/2006,Mujer,Soccer,Countermovement Jump,2026-08-17 06:17:47.607,52.73,Trial 1,27.4,119.9,123.7,750,125,2121,2561,0.44,763,704,6,2,499,496,923,1394,25819,13980,704,762,699,763,Sesion1,Soccer_Femenil.xlsx
76.0,,Carolina Webber (usar este perfil),06/11/2006,Mujer,Soccer,Countermovement Jump,2026-08-17 06:17:47.607,52.73,Trial 2,27.1,122.5,122.8,0,0,2466,2739,0.43,791,723,12,0,496,490,1607,1245,20084,26778,723,781,720,791,Sesion1,Soccer_Femenil.xlsx
76.0,,Carolina Webber (usar este perfil),06/11/2006,Mujer,Soccer,Countermovement Jump,2026-08-17 06:17:47.607,52.73,Trial 3,26.8,121.3,120.0,0,0,3317,2507,0.45,722,763,0,2,511,517,1035,1101,19665,19160,762,722,763,720,Sesion1,Soccer_Femenil.xlsx
58.0,,Isabela Hawks (usar este perfil),24/11/2005,Mujer,Soccer,Countermovement Jump,2026-08-17 06:11:28.503,65.62,Trial 1,26.4,170.1,191.0,0,1500,1430,1800,0.3,724,607,14,2,576,624,1191,1898,29660,14175,607,722,605,724,Sesion1,Soccer_Femenil.xlsx
58.0,,Isabela Hawks (usar este perfil),24/11/2005,Mujer,Soccer,Countermovement Jump,2026-08-17 06:11:28.503,65.62,Trial 2,25.2,166.5,182.9,0,0,1941,1997,0.32,751,699,4,0,577,639,1453,2008,33470,20176,690,747,699,751,Sesion1,Soccer_Femenil.xlsx
58.0,,Isabela Hawks (usar este perfil),24/11/2005,Mujer,Soccer,Countermovement Jump,2026-08-17 06:11:28.503,65.62,Trial 3,25.1,147.8,161.9,400,900,2364,2423,0.36,799,747,10,10,610,653,1457,1557,27808,22760,747,799,743,791,Sesion1,Soccer_Femenil.xlsx
69.0,,Isabela  Fraustro,30/05/2008,Mujer,Soccer,Countermovement Jump,2026-09-14 06:21:03.320,54.71,Trial 1,27.4,127.3,126.3,450,200,2283,2111,0.42,635,632,20,14,539,552,908,934,20305,16822,632,635,629,633,Sesion2,Soccer_Femenil.xlsx
69.0,,Isabela  Fraustro,30/05/2008,Mujer,Soccer,Countermovement Jump,2026-09-14 06:21:03.320,54.71,Trial 2,26.4,138.9,138.2,1250,-250,1698,1717,0.36,621,593,28,0,512,525,1138,929,18581,24747,593,607,581,621,Sesion2,Soccer_Femenil.xlsx
69.0,,Isabela  Fraustro,30/05/2008,Mujer,Soccer,Countermovement Jump,2026-09-14 06:21:03.000,54.71,Trial 3,27.3,137.5,147.2,0,0,1386,1686,0.35,624,572,2,0,489,520,994,1123,25523,18415,572,624,571,624,Sesion2,Soccer_Femenil.xlsx
65.0,,Celeste Lucio (usar este perfil),04/04/2002,Mujer,Soccer,Countermovement Jump,2026-09-14 06:15:57.997,90.32,Trial 1,25.8,226.4,243.4,438,1188,1687,2171,0.3,987,946,16,20,804,838,2136,2279,39288,35606,946,987,939,963,Sesion2,Soccer_Femenil.xlsx
65.0,,Celeste Lucio (usar este perfil),04/04/2002,Mujer,Soccer,Countermovement Jump,2026-09-14 06:15:57.997,90.32,Trial 2,25.0,207.0,231.4,0,2000,3064,4145,0.36,1145,975,6,2,813,868,2218,1987,31042,38247,970,1145,975,1142,Sesion2,Soccer_Femenil.xlsx
65.0,,Celeste Lucio (usar este perfil),04/04/2002,Mujer,Soccer,Countermovement Jump,2026-09-14 06:15:57.997,90.32,Trial 3,24.1,203.0,235.5,0,0,3459,4269,0.35,1146,1037,0,0,806,903,1594,2355,33639,24912,1030,1140,1037,1146,Sesion2,Soccer_Femenil.xlsx
71.0,,Luisa Rodríguez,05/02/2008,Mujer,Soccer,Countermovement Jump,2026-09-14 06:26:01.257,52.76,Trial 1,23.6,124.2,112.1,282,818,1323,950,0.33,551,599,112,140,548,517,1158,1587,28340,19972,599,551,566,460,Sesion2,Soccer_Femenil.xlsx
71.0,,Luisa Rodríguez,05/02/2008,Mujer,Soccer,Countermovement Jump,2026-09-14 06:26:01.257,52.76,Trial 2,23.4,133.3,123.2,383,160,904,895,0.29,520,569,188,198,549,490,1698,1940,40417,35383,569,520,497,487,Sesion2,Soccer_Femenil.xlsx
71.0,,Luisa Rodríguez,05/02/2008,Mujer,Soccer,Countermovement Jump,2026-09-14 06:26:01.257,52.76,Trial 3,22.1,120.3,114.1,444,722,1695,1442,0.33,564,597,14,18,518,490,1349,1477,25466,24096,597,564,588,551,Sesion2,Soccer_Femenil.xlsx
64.0,,Michelle Carrizales,25/09/2008,Mujer,Soccer,Countermovement Jump,2026-09-14 06:23:58.993,69.25,Trial 1,24.5,163.6,164.7,413,22,2304,2302,0.37,739,729,168,12,687,685,2782,1940,107780,231865,729,739,699,736,Sesion2,Soccer_Femenil.xlsx
64.0,,Michelle Carrizales,25/09/2008,Mujer,Soccer,Countermovement Jump,2026-09-14 06:23:58.993,69.25,Trial 2,24.1,174.8,164.8,833,667,2411,2082,0.34,724,764,14,6,662,648,2807,2056,128502,175461,764,724,758,720,Sesion2,Soccer_Femenil.xlsx
64.0,,Michelle Carrizales,25/09/2008,Mujer,Soccer,Countermovement Jump,2026-09-14 06:23:58.993,69.25,Trial 3,23.3,164.2,156.3,0,0,2797,2103,0.33,769,789,0,8,691,673,2500,1877,104280,208365,789,769,789,769,Sesion2,Soccer_Femenil.xlsx
,,Renata Sierra,18/05/2007,Mujer,Soccer,Countermovement Jump,2026-09-14 06:21:04.213,62.28,Trial 1,24.4,156.0,161.1,0,0,2413,2721,0.32,757,714,0,4,547,582,1076,931,42305,53818,714,757,714,757,Sesion2,Soccer_Femenil.xlsx
,,Renata Sierra,18/05/2007,Mujer,Soccer,Countermovement Jump,2026-09-14 06:21:04.213,62.28,Trial 2,22.9,151.7,164.8,0,0,2526,2996,0.32,807,692,4,0,541,588,1128,1048,65482,70522,690,806,692,807,Sesion2,Soccer_Femenil.xlsx
,,Renata Sierra,18/05/2007,Mujer,Soccer,Countermovement Jump,2026-09-14 06:21:04.213,62.28,Trial 3,23.4,152.1,152.9,0,0,2969,3527,0.34,815,764,0,2,530,556,1188,994,27603,49515,759,794,764,815,Sesion2,Soccer_Femenil.xlsx
78.0,,Laura Pizano (usar este perfil),03/05/2006,Mujer,Soccer,Countermovement Jump,2026-09-14 06:18:42.950,93.25,Trial 1,21.8,225.9,227.4,0,0,2819,2977,0.28,1108,979,6,0,807,801,2285,2593,58933,45708,979,1104,975,1108,Sesion2,Soccer_Femenil.xlsx
78.0,,Laura Pizano (usar este perfil),03/05/2006,Mujer,Soccer,Countermovement Jump,2026-09-14 06:18:42.950,93.25,Trial 2,21.1,211.4,224.1,0,0,2572,2320,0.26,1041,1014,2,0,838,859,1592,2705,54101,27455,1014,1041,1013,1041,Sesion2,Soccer_Femenil.xlsx
78.0,,Laura Pizano (usar este perfil),03/05/2006,Mujer,Soccer,Countermovement Jump,2026-09-14 06:18:42.950,93.25,Trial 3,22.8,222.5,222.4,0,0,3216,2465,0.3,1008,1033,10,0,830,830,1858,2447,43697,28157,1033,1003,1030,1008,Sesion2,Soccer_Femenil.xlsx
,,Marcela Gonzalez,24/05/2005,Mujer,Soccer,Countermovement Jump,2026-09-14 06:16:30.830,68.78,Trial 1,24.7,178.6,183.2,1500,0,2231,2324,0.31,813,853,2,0,633,630,1334,1411,100788,74132,845,811,853,813,Sesion2,Soccer_Femenil.xlsx
,,Marcela Gonzalez,24/05/2005,Mujer,Soccer,Countermovement Jump,2026-09-14 06:16:30.830,68.78,Trial 2,25.4,174.3,194.4,0,0,2349,2680,0.31,926,857,0,0,606,643,1460,1452,103717,52157,834,917,857,926,Sesion2,Soccer_Femenil.xlsx
,,Marcela Gonzalez,24/05/2005,Mujer,Soccer,Countermovement Jump,2026-09-14 06:16:30.830,68.78,Trial 3,24.4,176.6,186.0,0,0,2275,2553,0.33,897,832,0,0,628,624,1596,1402,41236,57014,779,872,832,897,Sesion2,Soccer_Femenil.xlsx
99.0,,Julio Garza,18/07/2003,Hombre,Soccer,Countermovement Jump,2026-08-17 08:02:58.480,81.66,Trial 1,37.3,211.4,202.5,0,2167,4225,2942,0.55,1006,1227,0,12,897,875,1293,1973,109633,34022,1216,1006,1227,987,Sesion1,Soccer_Varonil.xlsx
99.0,,Julio Garza,18/07/2003,Hombre,Soccer,Countermovement Jump,2026-08-17 08:02:58.480,81.66,Trial 2,37.2,234.6,211.5,1500,-1000,4013,3154,0.49,1002,1203,2,0,829,784,1166,1751,125100,44839,1203,995,1201,1002,Sesion1,Soccer_Varonil.xlsx
99.0,,Julio Garza,18/07/2003,Hombre,Soccer,Countermovement Jump,2026-08-17 08:02:58.480,81.66,Trial 3,37.6,222.8,211.6,0,0,5052,3348,0.5,1075,1303,0,10,785,769,1353,1702,94578,84551,1291,1075,1303,1072,Sesion1,Soccer_Varonil.xlsx
100.0,,Jose Salinas,23/02/2007,Hombre,Soccer,Countermovement Jump,2026-08-17 08:01:22.583,70.58,Trial 1,39.5,185.9,177.0,391,547,2670,2314,0.54,891,930,60,58,788,748,2019,3130,71128,42066,930,891,910,856,Sesion1,Soccer_Varonil.xlsx
100.0,,Jose Salinas,23/02/2007,Hombre,Soccer,Countermovement Jump,2026-08-17 08:01:22.583,70.58,Trial 2,39.6,187.2,180.3,0,0,3440,2911,0.55,944,1038,0,16,750,716,1984,3499,83301,41336,1025,944,1038,935,Sesion1,Soccer_Varonil.xlsx
100.0,,Jose Salinas,23/02/2007,Hombre,Soccer,Countermovement Jump,2026-08-17 08:01:22.583,70.58,Trial 3,38.9,191.5,178.6,0,0,3269,3150,0.54,1010,1085,0,0,758,702,3072,2587,47901,54860,1073,1000,1085,1010,Sesion1,Soccer_Varonil.xlsx
95.0,,Kevin Nunez,27/01/2004,Hombre,Soccer,Countermovement Jump,2026-08-17 07:53:30.000,78.79,Trial 1,32.3,203.1,180.7,0,0,4991,3344,0.51,887,1117,0,4,846,821,1783,1585,26412,35653,1114,886,1117,887,Sesion1,Soccer_Varonil.xlsx
95.0,,Kevin Nunez,27/01/2004,Hombre,Soccer,Countermovement Jump,2026-08-17 07:53:30.000,78.79,Trial 2,32.3,198.5,182.1,0,0,4832,3529,0.5,1025,1131,0,0,861,816,2008,1681,30013,30419,1123,1013,1131,1025,Sesion1,Soccer_Varonil.xlsx
95.0,,Kevin Nunez,27/01/2004,Hombre,Soccer,Countermovement Jump,2026-08-17 07:53:30.000,78.79,Trial 3,32.4,202.9,178.6,0,0,4255,4219,0.52,1027,1198,0,0,844,803,1657,1482,30869,34513,1195,1017,1198,1027,Sesion1,Soccer_Varonil.xlsx
94.0,,Pablo Garcia,23/07/2004,Hombre,Soccer,Countermovement Jump,2026-08-17 07:52:46.497,74.01,Trial 1,38.3,192.7,187.7,0,0,2582,3033,0.57,980,1000,8,0,820,844,1834,1851,38571,39866,1000,969,995,980,Sesion1,Soccer_Varonil.xlsx
94.0,,Pablo Garcia,23/07/2004,Hombre,Soccer,Countermovement Jump,2026-08-17 07:52:46.497,74.01,Trial 2,38.0,195.8,201.3,0,0,2866,2796,0.5,940,998,0,0,751,816,1528,1882,40922,27282,998,928,998,940,Sesion1,Soccer_Varonil.xlsx
94.0,,Pablo Garcia,23/07/2004,Hombre,Soccer,Countermovement Jump,2026-08-17 07:52:46.497,74.01,Trial 3,37.0,194.8,190.1,500,1000,3355,3248,0.51,960,985,2,2,800,811,1242,1357,22623,15921,985,959,984,960,Sesion1,Soccer_Varonil.xlsx
90.0,,Rafael Navarro,03/06/2003,Hombre,Soccer,Countermovement Jump,2026-08-17 07:44:25.767,82.08,Trial 1,33.5,189.3,238.5,1500,-500,1878,3226,0.44,1143,855,176,0,825,864,2261,3290,51402,32295,855,1141,673,1143,Sesion1,Soccer_Varonil.xlsx
90.0,,Rafael Navarro,03/06/2003,Hombre,Soccer,Countermovement Jump,2026-08-17 07:44:25.767,82.08,Trial 2,33.3,195.0,234.6,1500,-500,1917,3912,0.42,1195,807,178,0,788,806,2392,2786,39796,34166,807,1188,746,1195,Sesion1,Soccer_Varonil.xlsx
90.0,,Rafael Navarro,03/06/2003,Hombre,Soccer,Countermovement Jump,2026-08-17 07:44:25.767,82.08,Trial 3,32.6,205.9,215.3,0,0,2462,3332,0.43,1098,884,120,0,821,806,2467,3355,47924,36274,884,1060,829,1098,Sesion1,Soccer_Varonil.xlsx
91.0,,Jose Emilio  Assam ,27/02/2003,Hombre,Soccer,Countermovement Jump,2026-08-17 07:44:16.133,68.22,Trial 1,37.9,196.3,164.6,893,179,2176,2014,0.49,742,897,18,178,768,721,1626,1237,16282,25403,897,742,873,681,Sesion1,Soccer_Varonil.xlsx
91.0,,Jose Emilio  Assam ,27/02/2003,Hombre,Soccer,Countermovement Jump,2026-08-17 07:44:16.133,68.22,Trial 2,35.5,173.9,160.8,0,2100,3158,2649,0.52,828,967,2,42,725,731,3067,3426,68528,58977,967,828,966,779,Sesion1,Soccer_Varonil.xlsx
91.0,,Jose Emilio  Assam ,27/02/2003,Hombre,Soccer,Countermovement Jump,2026-08-17 07:44:16.133,68.22,Trial 3,37.9,185.0,162.3,333,500,2931,2159,0.53,801,974,6,44,774,712,2016,2089,30726,26524,974,801,969,785,Sesion1,Soccer_Varonil.xlsx
88.0,,Miguel Pantoja,02/05/2001,Hombre,Soccer,Countermovement Jump,2026-08-17 07:39:47.017,79.21,Trial 1,31.5,185.3,194.7,-583,1083,2295,2620,0.39,1031,1014,0,24,784,806,1783,2749,57279,35656,1010,1031,1014,1011,Sesion1,Soccer_Varonil.xlsx
88.0,,Miguel Pantoja,02/05/2001,Hombre,Soccer,Countermovement Jump,2026-08-17 07:39:47.017,79.21,Trial 2,32.2,191.0,183.7,-208,1000,2928,3683,0.44,1032,1060,0,26,847,817,3074,2589,64735,85384,1060,1032,1060,1008,Sesion1,Soccer_Varonil.xlsx
88.0,,Miguel Pantoja,02/05/2001,Hombre,Soccer,Countermovement Jump,2026-08-17 07:39:47.017,79.21,Trial 3,33.0,185.3,186.2,167,1000,3850,3147,0.47,1087,1091,8,18,831,829,1894,2119,50462,47345,1091,1087,1086,1070,Sesion1,Soccer_Varonil.xlsx
101.0,,Arturo Lugo,16/12/2006,Hombre,Soccer,Countermovement Jump,2026-08-17 08:06:00.077,71.09,Trial 1,35.3,199.9,193.2,1125,625,1908,1565,0.43,759,798,8,2,719,704,3020,3109,81826,75495,798,759,789,757,Sesion1,Soccer_Varonil.xlsx
101.0,,Arturo Lugo,16/12/2006,Hombre,Soccer,Countermovement Jump,2026-08-17 08:06:00.077,71.09,Trial 2,32.7,179.0,182.6,929,1286,1810,1521,0.42,825,817,16,44,720,707,3013,2487,46063,62767,817,825,789,782,Sesion1,Soccer_Varonil.xlsx
101.0,,Arturo Lugo,16/12/2006,Hombre,Soccer,Countermovement Jump,2026-08-17 08:06:00.077,71.09,Trial 3,32.9,178.9,178.3,0,0,2235,2213,0.44,914,879,8,0,761,709,2649,2315,48238,55184,879,910,875,914,Sesion1,Soccer_Varonil.xlsx
102.0,,Giancarlo Navarro,17/08/2026,Hombre,Soccer,Countermovement Jump,2026-08-17 08:04:03.207,69.94,Trial 1,43.4,190.9,199.9,995,864,1855,1803,0.65,849,866,186,158,826,791,2270,3158,75182,45403,866,849,681,683,Sesion1,Soccer_Varonil.xlsx
102.0,,Giancarlo Navarro,17/08/2026,Hombre,Soccer,Countermovement Jump,2026-08-17 08:04:03.207,69.94,Trial 2,38.4,176.9,176.0,625,625,2857,3031,0.59,957,860,8,8,797,730,2791,2323,55301,69779,860,957,855,956,Sesion1,Soccer_Varonil.xlsx
102.0,,Giancarlo Navarro,17/08/2026,Hombre,Soccer,Countermovement Jump,2026-08-17 08:04:03.207,69.94,Trial 3,39.1,183.2,182.3,1056,1500,2359,2233,0.54,903,836,164,18,805,741,3408,3109,70651,89688,836,903,777,876,Sesion1,Soccer_Varonil.xlsx
98.0,,Jesus Aldama,23/08/2004,Hombre,Soccer,Countermovement Jump,2026-08-17 07:59:26.243,90.11,Trial 1,38.2,232.5,259.5,300,1300,3274,4956,0.53,1188,1071,6,14,929,970,1704,2199,40730,31552,1071,1188,1071,1173,Sesion1,Soccer_Varonil.xlsx
98.0,,Jesus Aldama,23/08/2004,Hombre,Soccer,Countermovement Jump,2026-08-17 07:59:26.243,90.11,Trial 2,36.7,229.3,259.5,0,0,2346,3344,0.49,1134,960,0,14,915,929,2436,1926,38528,50746,959,1134,960,1128,Sesion1,Soccer_Varonil.xlsx
98.0,,Jesus Aldama,23/08/2004,Hombre,Soccer,Countermovement Jump,2026-08-17 07:59:26.243,90.11,Trial 3,38.0,235.8,256.6,700,100,2522,3349,0.51,1160,1017,10,2,906,930,1676,2299,39645,26185,1017,1160,1010,1159,Sesion1,Soccer_Varonil.xlsx
97.0,,Emiliano Dávila,15/04/2005,Hombre,Soccer,Countermovement Jump,2026-08-17 07:57:52.117,81.11,Trial 1,44.4,232.5,243.9,0,0,3540,3986,0.56,1131,1052,0,0,789,798,2699,2484,47762,49984,1052,1131,1052,1131,Sesion1,Soccer_Varonil.xlsx
97.0,,Emiliano Dávila,15/04/2005,Hombre,Soccer,Countermovement Jump,2026-08-17 07:57:52.117,81.11,Trial 2,44.7,241.6,243.7,0,0,4011,4475,0.55,1260,1131,0,0,786,758,2812,3450,101460,70304,1127,1254,1131,1260,Sesion1,Soccer_Varonil.xlsx
97.0,,Emiliano Dávila,15/04/2005,Hombre,Soccer,Countermovement Jump,2026-08-17 07:57:52.117,81.11,Trial 3,44.7,249.3,243.8,0,0,3738,3718,0.55,1208,1138,0,0,786,721,2923,3085,77116,73079,1128,1195,1138,1208,Sesion1,Soccer_Varonil.xlsx
96.0,,Emiliano Palacios,13/03/2002,Hombre,Soccer,Countermovement Jump,2026-08-17 07:55:58.557,81.58,Trial 1,31.4,184.8,189.0,400,1200,3802,3815,0.53,1058,1036,4,16,904,913,1441,1332,25623,17571,1036,1058,1030,1045,Sesion1,Soccer_Varonil.xlsx
96.0,,Emiliano Palacios,13/03/2002,Hombre,Soccer,Countermovement Jump,2026-08-17 07:55:58.557,81.58,Trial 2,32.1,192.0,206.9,1250,500,4135,4402,0.5,1082,1051,4,8,822,887,2105,2426,46662,37586,1051,1082,1051,1078,Sesion1,Soccer_Varonil.xlsx
96.0,,Emiliano Palacios,13/03/2002,Hombre,Soccer,Countermovement Jump,2026-08-17 07:55:58.557,81.58,Trial 3,33.1,189.7,194.4,0,0,4218,4850,0.54,1115,1088,4,0,885,912,2105,1741,24877,33949,1088,1115,1088,1115,Sesion1,Soccer_Varonil.xlsx
93.0,,Alejandro Gutierrez,25/07/2003,Hombre,Soccer,Countermovement Jump,2026-08-17 07:49:43.417,72.68,Trial 1,42.5,193.6,219.9,296,87,1780,2035,0.52,873,813,206,24,764,837,1569,1840,38327,26144,813,873,752,848,Sesion1,Soccer_Varonil.xlsx
93.0,,Alejandro Gutierrez,25/07/2003,Hombre,Soccer,Countermovement Jump,2026-08-17 07:49:43.417,72.68,Trial 2,41.2,188.9,206.9,600,1400,2354,2361,0.54,895,862,10,14,759,829,2475,1971,39414,53796,862,895,856,876,Sesion1,Soccer_Varonil.xlsx
93.0,,Alejandro Gutierrez,25/07/2003,Hombre,Soccer,Countermovement Jump,2026-08-17 07:49:43.417,72.68,Trial 3,42.5,193.9,217.6,111,611,2332,2175,0.54,933,858,10,18,744,814,1985,2479,56334,41347,858,933,853,922,Sesion1,Soccer_Varonil.xlsx
,,Emilio Moreno,02/08/2004,Hombre,Soccer,Countermovement Jump,2026-08-17 07:48:44.027,70.75,Trial 1,39.3,179.5,176.3,750,1000,3345,3377,0.54,963,924,18,16,815,788,1268,985,11731,15461,924,963,911,947,Sesion1,Soccer_Varonil.xlsx
,,Emilio Moreno,02/08/2004,Hombre,Soccer,Countermovement Jump,2026-08-17 07:48:44.027,70.75,Trial 2,36.6,188.3,173.8,0,0,3864,3523,0.53,924,985,0,4,767,723,1556,1419,27296,31116,980,924,985,923,Sesion1,Soccer_Varonil.xlsx
,,Emilio Moreno,02/08/2004,Hombre,Soccer,Countermovement Jump,2026-08-17 07:48:44.027,70.75,Trial 3,37.7,194.7,178.4,0,0,3434,3140,0.47,866,960,0,4,762,717,1758,1287,17881,27466,955,866,960,866,Sesion1,Soccer_Varonil.xlsx
89.0,,Alexis Arellano,22/02/2003,Hombre,Soccer,Countermovement Jump,2026-08-17 07:40:04.347,82.42,Trial 1,45.0,251.3,212.8,1000,750,3142,2516,0.54,964,1187,8,8,935,856,2012,1880,30318,35922,1187,964,1179,958,Sesion1,Soccer_Varonil.xlsx
89.0,,Alexis Arellano,22/02/2003,Hombre,Soccer,Countermovement Jump,2026-08-17 07:40:04.347,82.42,Trial 2,46.3,258.6,208.7,1400,-100,3808,2231,0.58,936,1288,10,0,922,843,1635,1405,18483,23352,1288,936,1274,936,Sesion1,Soccer_Varonil.xlsx
89.0,,Alexis Arellano,22/02/2003,Hombre,Soccer,Countermovement Jump,2026-08-17 07:40:04.347,82.42,Trial 3,45.2,245.3,220.6,500,500,3296,2596,0.55,1062,1207,2,2,888,818,2658,2507,44763,49215,1207,1062,1206,1061,Sesion1,Soccer_Varonil.xlsx
187.0,,Emilio Cruz,15/12/2005,Hombre ,Fútbol Soccer ,Countermovement Jump,2026-08-31 07:57:11.550,73.98,Trial 1,43.8,208.2,243.5,1267,508,545,685,0.36,871,852,240,236,816,853,2011,2061,36801,34680,852,871,548,747,Sesion2,Soccer_Varonil.xlsx
187.0,,Emilio Cruz,15/12/2005,Hombre ,Fútbol Soccer ,Countermovement Jump,2026-08-31 07:57:11.550,73.98,Trial 2,46.0,207.4,233.3,455,-145,1381,1714,0.51,926,843,220,22,818,844,2272,1781,26189,37874,843,926,743,891,Sesion2,Soccer_Varonil.xlsx
187.0,,Emilio Cruz,15/12/2005,Hombre ,Fútbol Soccer ,Countermovement Jump,2026-08-31 07:57:11.550,73.98,Trial 3,45.3,201.7,236.1,727,1000,2239,1818,0.52,980,860,220,18,831,838,2282,2614,42159,31701,860,980,765,958,Sesion2,Soccer_Varonil.xlsx
185.0,,Isaac Olguin,30/05/2002,Hombre ,Fútbol Soccer ,Countermovement Jump,2026-08-31 07:50:05.973,85.13,Trial 1,38.9,234.4,223.6,124,176,2781,2734,0.51,1006,968,172,170,935,916,3316,1978,38035,72078,968,1006,946,981,Sesion2,Soccer_Varonil.xlsx
185.0,,Isaac Olguin,30/05/2002,Hombre ,Fútbol Soccer ,Countermovement Jump,2026-08-31 07:50:05.973,85.13,Trial 2,39.7,231.9,228.6,517,330,2905,2974,0.54,1026,1018,166,176,947,947,2409,2581,49631,48172,1018,1026,927,976,Sesion2,Soccer_Varonil.xlsx
185.0,,Isaac Olguin,30/05/2002,Hombre ,Fútbol Soccer ,Countermovement Jump,2026-08-31 07:50:05.973,85.13,Trial 3,40.7,230.4,237.5,0,0,3059,3206,0.53,1054,1032,0,0,909,938,2139,2491,56610,44554,1030,1054,1032,1054,Sesion2,Soccer_Varonil.xlsx
182.0,,Alejandro Barajas,04/07/2008,Hombre ,Fútbol Soccer ,Countermovement Jump,2026-08-31 07:43:59.067,78.15,Trial 1,41.7,229.5,223.1,48,1262,2762,2803,0.52,827,926,40,212,785,813,2199,2014,47944,47808,926,827,923,765,Sesion2,Soccer_Varonil.xlsx
182.0,,Alejandro Barajas,04/07/2008,Hombre ,Fútbol Soccer ,Countermovement Jump,2026-08-31 07:43:59.067,78.15,Trial 2,43.0,227.5,225.4,45,727,2741,2500,0.53,896,967,6,22,762,797,1664,1259,23308,30818,967,896,961,880,Sesion2,Soccer_Varonil.xlsx
182.0,,Alejandro Barajas,04/07/2008,Hombre ,Fútbol Soccer ,Countermovement Jump,2026-08-31 07:43:59.067,78.15,Trial 3,41.3,217.2,217.5,-500,3000,2904,2534,0.53,936,985,0,2,756,810,3890,3470,123916,129672,983,936,985,934,Sesion2,Soccer_Varonil.xlsx
,,Carlos Gutierrez,28/01/2006,Hombre ,Fútbol Soccer ,Countermovement Jump,2026-08-31 07:38:51.497,73.56,Trial 1,37.3,190.8,186.1,500,250,2386,2927,0.49,920,890,12,8,834,813,3070,3249,54154,49521,890,920,884,914,Sesion2,Soccer_Varonil.xlsx
,,Carlos Gutierrez,28/01/2006,Hombre ,Fútbol Soccer ,Countermovement Jump,2026-08-31 07:38:51.497,73.56,Trial 2,36.5,189.2,187.1,0,2250,2622,2373,0.52,916,908,14,4,806,817,3730,3997,76870,71737,908,916,903,912,Sesion2,Soccer_Varonil.xlsx
,,Carlos Gutierrez,28/01/2006,Hombre ,Fútbol Soccer ,Countermovement Jump,2026-08-31 07:38:51.497,73.56,Trial 3,37.2,190.4,190.6,250,250,2935,3355,0.53,942,956,4,8,772,803,2273,2366,38165,36666,956,942,955,942,Sesion2,Soccer_Varonil.xlsx
191.0,,Miguel Barajas,15/12/2007,Hombre ,Fútbol Soccer,Countermovement Jump,2026-08-31 08:08:19.403,64.74,Trial 1,37.7,174.0,172.6,-68,172,2299,2167,0.48,774,763,4,192,716,744,1949,1824,37993,37485,763,774,763,743,Sesion2,Soccer_Varonil.xlsx
191.0,,Miguel Barajas,15/12/2007,Hombre ,Fútbol Soccer,Countermovement Jump,2026-08-31 08:08:19.403,64.74,Trial 2,39.1,169.6,190.5,440,220,1533,1879,0.47,786,725,200,198,691,764,1862,2267,41975,32107,725,786,646,741,Sesion2,Soccer_Varonil.xlsx
191.0,,Miguel Barajas,15/12/2007,Hombre ,Fútbol Soccer,Countermovement Jump,2026-08-31 08:08:19.403,64.74,Trial 3,39.4,178.5,182.4,240,325,2082,1916,0.47,779,742,194,208,691,753,1928,2088,47447,37081,742,779,694,723,Sesion2,Soccer_Varonil.xlsx
186.0,,Nicolás  Assam,10/01/2009,Hombre ,Fútbol Soccer,Countermovement Jump,2026-08-31 07:51:10.447,67.15,Trial 1,38.4,209.0,201.0,-500,833,1707,1537,0.42,703,752,4,266,674,691,1406,1254,14923,17571,752,703,751,690,Sesion2,Soccer_Varonil.xlsx
186.0,,Nicolás  Assam,10/01/2009,Hombre ,Fútbol Soccer,Countermovement Jump,2026-08-31 07:51:10.447,67.15,Trial 2,39.6,203.3,202.5,583,1000,1781,1984,0.44,783,755,16,12,670,685,1491,1090,13287,18633,755,783,745,771,Sesion2,Soccer_Varonil.xlsx
186.0,,Nicolás  Assam,10/01/2009,Hombre ,Fútbol Soccer,Countermovement Jump,2026-08-31 07:51:10.447,67.15,Trial 3,37.6,195.5,200.7,833,833,2032,2203,0.45,801,797,6,12,647,662,1183,1516,19941,13440,797,801,786,791,Sesion2,Soccer_Varonil.xlsx
183.0,,Manuel Rodriguez,17/04/2006,Hombre ,Fútbol Soccer,Countermovement Jump,2026-08-31 07:44:18.753,74.78,Trial 1,34.5,174.2,183.8,1389,556,1944,2328,0.48,1012,944,62,28,808,811,3275,2909,161601,204663,944,1012,892,989,Sesion2,Soccer_Varonil.xlsx
183.0,,Manuel Rodriguez,17/04/2006,Hombre ,Fútbol Soccer,Countermovement Jump,2026-08-31 07:44:18.753,74.78,Trial 2,34.9,168.5,177.6,2250,464,2387,2476,0.52,1094,1013,32,12,846,849,4422,3718,232364,315829,1013,1094,947,1073,Sesion2,Soccer_Varonil.xlsx
183.0,,Manuel Rodriguez,17/04/2006,Hombre ,Fútbol Soccer,Countermovement Jump,2026-08-31 07:44:18.753,74.78,Trial 3,34.5,180.1,193.8,1100,50,1684,2046,0.42,1003,887,20,14,753,770,3329,3794,158076,128023,887,1003,865,998,Sesion2,Soccer_Varonil.xlsx
181.0,,Luis Diego Chapa,18/01/2008,Hombre ,Fútbol Soccer,Countermovement Jump,2026-08-31 07:39:51.447,68.82,Trial 1,32.8,175.2,167.8,571,550,2019,1702,0.44,821,832,128,156,762,760,2616,4272,305130,118891,832,821,768,746,Sesion2,Soccer_Varonil.xlsx
181.0,,Luis Diego Chapa,18/01/2008,Hombre ,Fútbol Soccer,Countermovement Jump,2026-08-31 07:39:51.447,68.82,Trial 2,34.2,165.5,158.2,347,500,3690,3631,0.54,873,925,58,112,825,807,2648,3647,202601,82738,925,873,891,819,Sesion2,Soccer_Varonil.xlsx
181.0,,Luis Diego Chapa,18/01/2008,Hombre ,Fútbol Soccer,Countermovement Jump,2026-08-31 07:39:51.447,68.82,Trial 3,34.6,166.7,154.9,-224,755,4038,3326,0.51,896,974,0,106,828,826,3132,3299,206176,130484,969,896,974,819,Sesion2,Soccer_Varonil.xlsx
C044,C044,Joana Arellano,03/10/2006,Mujer ,Taekwondo,Countermovement Jump,2026-08-31 06:45:02.423,52.9,Trial 1,28.2,120.3,121.2,389,960,1348,1337,0.41,619,612,120,126,563,581,1039,1119,16951,14837,612,619,565,498,Sesion1,TaeKwonDo_Femenil.xlsx
C044,C044,Joana Arellano,03/10/2006,Mujer ,Taekwondo,Countermovement Jump,2026-08-31 06:45:02.423,52.9,Trial 2,29.4,133.5,129.6,323,656,1148,1145,0.38,606,594,182,186,557,569,1065,1262,19715,17743,594,606,534,484,Sesion1,TaeKwonDo_Femenil.xlsx
C044,C044,Joana Arellano,03/10/2006,Mujer ,Taekwondo,Countermovement Jump,2026-08-31 06:45:02.423,52.9,Trial 3,27.8,131.5,127.7,367,667,1154,1209,0.38,588,587,182,178,558,560,1595,1613,40318,44294,587,588,520,470,Sesion1,TaeKwonDo_Femenil.xlsx
178,C152,Bertha Paez,09/10/2004,Mujer ,Taekwondo,Countermovement Jump,2026-08-31 06:39:24.663,60.46,Trial 1,28.6,159.5,147.3,1500,1000,1962,1929,0.4,643,688,10,2,605,589,1910,2001,76947,63658,688,638,684,643,Sesion1,TaeKwonDo_Femenil.xlsx
178,C152,Bertha Paez,09/10/2004,Mujer ,Taekwondo,Countermovement Jump,2026-08-31 06:39:24.663,60.46,Trial 2,29.3,148.7,141.3,500,-167,2752,2508,0.45,695,727,6,0,612,587,2586,2685,70648,58767,727,695,725,695,Sesion1,TaeKwonDo_Femenil.xlsx
178,C152,Bertha Paez,09/10/2004,Mujer ,Taekwondo,Countermovement Jump,2026-08-31 06:39:24.663,60.46,Trial 3,27.1,159.5,151.7,0,0,1981,2056,0.37,727,695,0,0,593,537,2352,1621,32413,48995,691,718,695,727,Sesion1,TaeKwonDo_Femenil.xlsx
177,C153,Luz Cervantes,11/10/2002,Mujer ,Taekwondo,Countermovement Jump,2026-08-31 06:37:53.323,69.7,Trial 1,23.9,155.1,149.3,605,816,1685,1353,0.35,766,802,114,108,738,725,1698,1949,36088,27380,802,766,733,671,Sesion1,TaeKwonDo_Femenil.xlsx
177,C153,Luz Cervantes,11/10/2002,Mujer ,Taekwondo,Countermovement Jump,2026-08-31 06:37:53.323,69.7,Trial 2,24.1,168.3,157.9,69,322,1958,1593,0.32,713,734,176,174,715,685,1637,1665,32014,31473,734,713,721,658,Sesion1,TaeKwonDo_Femenil.xlsx
177,C153,Luz Cervantes,11/10/2002,Mujer ,Taekwondo,Countermovement Jump,2026-08-31 06:37:53.323,69.7,Trial 3,23.6,178.4,166.7,72,380,1488,1071,0.28,692,723,208,196,701,659,1478,1930,74221,36939,723,692,712,611,Sesion1,TaeKwonDo_Femenil.xlsx
200.0,C154,Andres Dominguez,03/03/2006,Hombre ,Taekwondo,Countermovement Jump,2026-08-31 06:54:13.913,59.97,Trial 1,30.6,164.1,165.3,606,796,869,775,0.34,684,645,232,226,623,638,3291,3592,99770,91405,645,684,507,504,sesion1,TaeKwonDo_Varonil.xlsx
200.0,C154,Andres Dominguez,03/03/2006,Hombre ,Taekwondo,Countermovement Jump,2026-08-31 06:54:14.000,59.97,Trial 2,28.1,140.5,139.7,313,688,2076,2232,0.45,704,738,16,102,615,629,3880,3881,242546,242474,738,704,726,675,sesion1,TaeKwonDo_Varonil.xlsx
200.0,C154,Andres Dominguez,03/03/2006,Hombre ,Taekwondo,Countermovement Jump,2026-08-31 06:54:13.913,59.97,Trial 3,29.8,143.9,140.0,328,1276,1912,1625,0.46,746,715,106,134,681,700,1535,1466,20357,22567,715,746,668,576,sesion1,TaeKwonDo_Varonil.xlsx
205.0,C061,Angelberto  Garcia,03/02/2004,Hombre ,Taekwondo,Countermovement Jump,2026-08-31 06:49:14.223,63.15,Trial 1,40.4,172.5,191.2,750,500,2486,2540,0.53,783,752,4,4,601,694,2119,2456,122818,81519,752,779,750,783,sesion1,TaeKwonDo_Varonil.xlsx
205.0,C061,Angelberto  Garcia,03/02/2004,Hombre ,Taekwondo,Countermovement Jump,2026-08-31 06:49:14.223,63.15,Trial 2,39.1,187.6,178.9,0,0,2418,2169,0.5,762,744,0,0,659,677,2857,2455,175383,238124,740,742,744,762,sesion1,TaeKwonDo_Varonil.xlsx
205.0,C061,Angelberto  Garcia,03/02/2004,Hombre ,Taekwondo,Countermovement Jump,2026-08-31 06:49:14.223,63.15,Trial 3,37.8,189.4,178.4,0,0,2507,2473,0.47,791,779,0,0,634,659,1956,2108,95835,81520,772,782,779,791,sesion1,TaeKwonDo_Varonil.xlsx
,C060,Axel Vazquez,15/04/2008,Hombre ,Taekwondo,Countermovement Jump,2026-08-31 06:41:23.533,59.4,Trial 1,38.2,156.7,172.1,355,-131,1353,2171,0.5,740,709,216,2,693,681,4260,2268,94489,212979,709,740,629,740,sesion1,TaeKwonDo_Varonil.xlsx
,C060,Axel Vazquez,15/04/2008,Hombre ,Taekwondo,Countermovement Jump,2026-08-31 06:41:23.533,59.4,Trial 2,37.6,143.3,167.2,785,-506,1337,2763,0.52,822,711,174,0,685,681,2070,2852,109682,60870,711,821,572,822,sesion1,TaeKwonDo_Varonil.xlsx
,C060,Axel Vazquez,15/04/2008,Hombre ,Taekwondo,Countermovement Jump,2026-08-31 06:41:23.533,59.4,Trial 3,37.1,156.0,169.6,660,-36,1264,1851,0.48,719,694,194,2,663,649,3392,3559,177937,130445,694,718,571,719,sesion1,TaeKwonDo_Varonil.xlsx
202.0,,Fernando Sanchez,17/12/2009,Hombre ,Taekwondo,Countermovement Jump,2026-08-31 06:33:13.933,66.88,Trial 1,36.7,183.6,169.2,481,97,2459,2500,0.54,807,814,166,158,760,719,2820,1893,33799,52214,814,772,738,807,sesion1,TaeKwonDo_Varonil.xlsx
202.0,,Fernando Sanchez,17/12/2009,Hombre ,Taekwondo,Countermovement Jump,2026-08-31 06:33:13.933,66.88,Trial 2,35.5,179.2,176.5,183,37,2078,2253,0.49,766,773,164,164,727,706,1895,1643,35712,39470,773,766,746,763,sesion1,TaeKwonDo_Varonil.xlsx
202.0,,Fernando Sanchez,17/12/2009,Hombre ,Taekwondo,Countermovement Jump,2026-08-31 06:33:13.933,66.88,Trial 3,35.3,175.7,173.4,17,540,2636,2250,0.49,776,819,174,174,743,734,1756,1927,48168,46199,812,776,819,705,sesion1,TaeKwonDo_Varonil.xlsx
184.0,C151,Ian Canales (usar este perfil),18/02/2007,Hombre ,Taekwondo,Countermovement Jump,2026-08-31 06:32:12.593,91.4,Trial 1,30.4,231.8,216.8,-643,929,2855,2415,0.42,981,1089,0,154,979,937,5406,4107,171132,300340,1089,981,1089,926,sesion1,TaeKwonDo_Varonil.xlsx
184.0,C151,Ian Canales (usar este perfil),18/02/2007,Hombre ,Taekwondo,Countermovement Jump,2026-08-31 06:32:12.593,91.4,Trial 2,29.1,241.5,251.6,0,192,2184,1872,0.35,905,927,10,130,822,876,5435,4451,317940,388223,927,905,927,880,sesion1,TaeKwonDo_Varonil.xlsx
184.0,C151,Ian Canales (usar este perfil),18/02/2007,Hombre ,Taekwondo,Countermovement Jump,2026-08-31 06:32:12.593,91.4,Trial 3,30.5,245.8,222.7,0,0,2707,2478,0.4,948,1052,16,0,938,885,6266,4646,232308,447580,1051,942,1052,948,sesion1,TaeKwonDo_Varonil.xlsx
204.0,C045,Guillermo Magaña,17/10/2005,Hombre ,Taekwondo,Countermovement Jump,2026-08-31 06:28:30.303,62.96,Trial 1,38.5,156.5,167.1,-111,1111,2027,2278,0.52,794,736,164,32,700,707,3175,3385,84622,83542,736,794,703,771,sesion1,TaeKwonDo_Varonil.xlsx
204.0,C045,Guillermo Magaña,17/10/2005,Hombre ,Taekwondo,Countermovement Jump,2026-08-31 06:28:30.303,62.96,Trial 2,38.1,168.5,166.1,0,0,1844,2518,0.5,812,729,186,0,712,679,3341,2804,60954,83515,729,800,656,812,sesion1,TaeKwonDo_Varonil.xlsx
204.0,C045,Guillermo Magaña,17/10/2005,Hombre ,Taekwondo,Countermovement Jump,2026-08-31 06:28:30.303,62.96,Trial 3,37.2,157.5,178.2,297,82,1778,2016,0.47,746,731,182,40,676,716,3916,3682,96892,93228,731,746,677,730,sesion1,TaeKwonDo_Varonil.xlsx
,C058,Axel Coronado,06/07/2005,Hombre ,Taekwondo,Countermovement Jump,2026-08-31 06:27:45.423,82.54,Trial 1,41.4,256.9,234.6,-500,1500,2747,2321,0.47,1027,1083,0,2,814,756,4996,4281,178365,249796,1080,1024,1083,1027,sesion1,TaeKwonDo_Varonil.xlsx
,C058,Axel Coronado,06/07/2005,Hombre ,Taekwondo,Countermovement Jump,2026-08-31 06:27:45.423,82.54,Trial 2,42.0,238.5,230.3,0,0,3373,2695,0.51,1078,1093,0,2,805,777,2481,2659,88625,82697,1092,1064,1093,1078,sesion1,TaeKwonDo_Varonil.xlsx
,C058,Axel Coronado,06/07/2005,Hombre ,Taekwondo,Countermovement Jump,2026-08-31 06:27:45.423,82.54,Trial 3,41.9,238.5,227.5,1500,0,2957,3003,0.5,1052,1114,2,0,814,766,2800,3022,125906,99997,1109,1048,1114,1052,sesion1,TaeKwonDo_Varonil.xlsx
,,Alejandro  Cobos,15/12/2007,Hombre ,Taekwondo,Countermovement Jump,2026-08-31 06:22:48.783,77.69,Trial 1,33.0,220.6,207.7,-252,374,2203,1936,0.4,834,878,6,222,778,786,4325,4900,350026,270313,878,834,877,751,sesion1,TaeKwonDo_Varonil.xlsx
,,Alejandro  Cobos,15/12/2007,Hombre ,Taekwondo,Countermovement Jump,2026-08-31 06:22:48.783,77.69,Trial 2,33.3,220.6,228.6,-16,242,2103,2148,0.38,822,824,2,244,779,798,4690,4321,432137,390834,819,822,824,761,sesion1,TaeKwonDo_Varonil.xlsx
,,Alejandro  Cobos,15/12/2007,Hombre ,Taekwondo,Countermovement Jump,2026-08-31 06:22:48.783,77.69,Trial 3,31.0,206.0,218.7,0,0,2456,2331,0.4,829,881,6,230,717,802,4093,4255,354614,255813,881,829,879,828,sesion1,TaeKwonDo_Varonil.xlsx
,C059,Daoudi Garza,04/07/2008,Hombre ,Taekwondo,Countermovement Jump,2026-08-31 06:17:57.523,72.41,Trial 1,49.1,208.7,212.6,0,0,2787,2895,0.67,951,921,2,0,785,786,3956,3050,152504,179815,916,950,921,951,sesion1,TaeKwonDo_Varonil.xlsx
,C059,Daoudi Garza,04/07/2008,Hombre ,Taekwondo,Countermovement Jump,2026-08-31 06:17:57.523,72.41,Trial 2,51.6,210.2,218.7,0,0,3235,3175,0.71,1053,995,0,6,768,771,2234,4060,135336,55848,992,1048,995,1053,sesion1,TaeKwonDo_Varonil.xlsx
,C059,Daoudi Garza,04/07/2008,Hombre ,Taekwondo,Countermovement Jump,2026-08-31 06:17:57.523,72.41,Trial 3,50.7,214.3,210.6,1000,1000,3305,3060,0.69,974,1012,2,2,793,789,3559,3047,101569,104674,1012,974,1011,972,sesion1,TaeKwonDo_Varonil.xlsx
,C176,Angel Mart¡nez,20/09/2002,Hombre ,Taekwondo,Countermovement Jump,2026-08-31 06:17:27.983,68.94,Trial 1,41.8,182.3,187.3,0,0,3310,3324,0.59,854,882,0,0,786,804,2007,1997,36981,43631,881,845,882,854,sesion1,TaeKwonDo_Varonil.xlsx
,C176,Angel Mart¡nez,20/09/2002,Hombre ,Taekwondo,Countermovement Jump,2026-08-31 06:17:27.983,68.94,Trial 2,43.4,191.1,181.1,0,0,4303,3615,0.6,890,968,0,0,781,755,2077,1537,32020,39942,965,882,968,890,sesion1,TaeKwonDo_Varonil.xlsx
,C176,Angel Mart¡nez,20/09/2002,Hombre ,Taekwondo,Countermovement Jump,2026-08-31 06:17:27.983,68.94,Trial 3,41.7,187.5,179.3,0,0,4210,3795,0.59,891,939,0,0,780,768,2234,2108,45826,44680,939,876,939,891,sesion1,TaeKwonDo_Varonil.xlsx
203.0,C155,Leonardo Sanchez,03/05/2007,Hombre ,Taekwondo,Countermovement Jump,2026-08-31 06:49:20.227,88.03,Trial 1,34.2,229.1,197.2,-519,1481,4526,2917,0.53,994,1221,4,94,1070,922,2063,2764,81286,60664,1216,994,1221,970,sesion1,TaeKwonDo_Varonil.xlsx
203.0,C155,Leonardo Sanchez,03/05/2007,Hombre ,Taekwondo,Countermovement Jump,2026-08-31 06:49:20.227,88.03,Trial 2,34.3,242.1,191.0,-395,1342,4428,2875,0.51,990,1228,4,126,1078,895,3504,2803,60929,67376,1228,990,1227,922,sesion1,TaeKwonDo_Varonil.xlsx
203.0,C155,Leonardo Sanchez,03/05/2007,Hombre ,Taekwondo,Countermovement Jump,2026-08-31 06:49:20.227,88.03,Trial 3,35.2,226.4,212.1,0,0,4028,3507,0.56,1056,1198,0,0,1021,914,2660,2120,50470,73877,1163,1029,1198,1056,sesion1,TaeKwonDo_Varonil.xlsx
,C175,Jose Zuniga,10/01/2007,Hombre ,Taekwondo,Countermovement Jump,2026-08-31 06:44:36.790,66.21,Trial 1,31.6,169.2,178.1,168,563,2454,2124,0.43,780,766,184,200,698,765,4150,4636,331170,296404,762,780,766,686,sesion1,TaeKwonDo_Varonil.xlsx
,C175,Jose Zuniga,10/01/2007,Hombre ,Taekwondo,Countermovement Jump,2026-08-31 06:44:36.790,66.21,Trial 2,31.6,165.4,168.6,383,716,2404,2102,0.45,793,784,162,172,725,766,3443,3273,181855,215166,784,793,722,672,sesion1,TaeKwonDo_Varonil.xlsx
,C175,Jose Zuniga,10/01/2007,Hombre ,Taekwondo,Countermovement Jump,2026-08-31 06:44:36.790,66.21,Trial 3,32.4,173.9,170.0,170,324,2490,2272,0.46,767,774,178,190,721,748,3740,3407,243384,311638,774,767,752,718,sesion1,TaeKwonDo_Varonil.xlsx
53,,Ixhel Reyes,12/06/2004,Mujer ,Tenis de mesa,Countermovement Jump,2026-08-31 11:22:45.237,65.39,Trial 1,22.2,165.0,170.9,0,0,2199,2384,0.3,693,664,0,0,581,581,1848,2353,45250,35539,655,690,664,693,Sesion1,TenisdeMesa_Femenil.xlsx
53,,Ixhel Reyes,12/06/2004,Mujer ,Tenis de mesa,Countermovement Jump,2026-08-31 11:22:45.237,65.39,Trial 2,21.8,175.8,189.6,0,0,1640,1855,0.24,701,644,2,0,538,562,1308,2052,38000,15951,635,697,644,701,Sesion1,TenisdeMesa_Femenil.xlsx
53,,Ixhel Reyes,12/06/2004,Mujer ,Tenis de mesa,Countermovement Jump,2026-08-31 11:22:45.237,65.39,Trial 3,22.1,170.5,170.9,1500,-500,1985,2175,0.29,702,675,2,0,564,568,1219,1609,29797,17414,672,699,675,702,Sesion1,TenisdeMesa_Femenil.xlsx
208,C131,Judith Silva,17/10/2006,Mujer ,Tenis de mesa,Countermovement Jump,2026-08-31 11:29:26.220,75.37,Trial 1,17.1,197.1,212.1,0,1500,1895,1969,0.2,758,733,0,2,595,628,1244,2134,33342,16373,726,752,733,758,Sesion1,TenisdeMesa_Femenil.xlsx
208,C131,Judith Silva,17/10/2006,Mujer ,Tenis de mesa,Countermovement Jump,2026-08-31 11:29:26.220,75.37,Trial 2,18.3,196.4,203.9,0,0,2067,2386,0.21,846,744,2,0,612,621,1768,1583,26381,25262,737,830,744,846,Sesion1,TenisdeMesa_Femenil.xlsx
208,C131,Judith Silva,17/10/2006,Mujer ,Tenis de mesa,Countermovement Jump,2026-08-31 11:29:26.220,75.37,Trial 3,18.2,207.1,207.6,0,0,2082,2407,0.2,848,760,0,0,609,593,2135,2024,32643,33365,750,824,760,848,Sesion1,TenisdeMesa_Femenil.xlsx
207,C130,Valeria DeGasperin,24/08/2006,Mujer ,Tenis de mesa,Countermovement Jump,2026-08-31 11:22:23.143,65.92,Trial 1,25.7,162.1,168.0,1000,0,1981,1828,0.31,721,651,8,0,615,621,1826,1439,24808,35122,651,720,648,721,Sesion1,TenisdeMesa_Femenil.xlsx
207,C130,Valeria DeGasperin,24/08/2006,Mujer ,Tenis de mesa,Countermovement Jump,2026-08-31 11:22:23.143,65.92,Trial 2,25.6,158.1,170.0,1000,0,2192,2090,0.33,745,662,194,2,632,655,2176,1891,37817,45341,662,745,656,745,Sesion1,TenisdeMesa_Femenil.xlsx
207,C130,Valeria DeGasperin,24/08/2006,Mujer ,Tenis de mesa,Countermovement Jump,2026-08-31 11:22:23.143,65.92,Trial 3,25.8,161.6,171.3,750,1250,2062,1979,0.35,738,659,2,4,618,622,2009,2222,41146,35882,659,738,658,735,Sesion1,TenisdeMesa_Femenil.xlsx
213.0,,Andres Acevedo,05/03/2008,Hombre,Tenis de mesa,Countermovement Jump,2026-08-31 11:37:35.657,81.63,Trial 1,32.8,231.6,216.4,0,500,1818,1946,0.31,917,930,0,4,813,732,5670,5914,422398,567022,930,916,930,917,Sesion1,TenisdeMesa_Varonil.xlsx
213.0,,Andres Acevedo,05/03/2008,Hombre,Tenis de mesa,Countermovement Jump,2026-08-31 11:37:35.657,81.63,Trial 2,34.2,208.4,217.6,0,0,2237,3029,0.42,1053,940,0,0,831,804,2897,3230,59807,53652,936,1048,940,1053,Sesion1,TenisdeMesa_Varonil.xlsx
213.0,,Andres Acevedo,05/03/2008,Hombre,Tenis de mesa,Countermovement Jump,2026-08-31 11:37:35.657,81.63,Trial 3,32.8,221.1,215.9,0,0,2732,2250,0.38,946,986,0,0,840,789,2391,2777,43384,36231,975,946,986,946,Sesion1,TenisdeMesa_Varonil.xlsx
,,Hazel Reyes,12/06/2009,Hombre,Tenis de mesa,Countermovement Jump,2026-08-31 11:28:21.377,63.15,Trial 1,36.6,157.9,159.3,1000,500,3584,3813,0.54,918,944,2,2,648,645,1065,1459,48634,24205,935,912,944,918,Sesion1,TenisdeMesa_Varonil.xlsx
,,Hazel Reyes,12/06/2009,Hombre,Tenis de mesa,Countermovement Jump,2026-08-31 11:28:21.377,63.15,Trial 2,37.2,158.8,156.6,0,0,4356,4714,0.58,1006,967,0,0,641,619,1896,1982,99101,105334,960,993,967,1006,Sesion1,TenisdeMesa_Varonil.xlsx
,,Hazel Reyes,12/06/2009,Hombre,Tenis de mesa,Countermovement Jump,2026-08-31 11:28:21.377,63.15,Trial 3,35.5,162.6,155.2,0,0,4222,4044,0.54,961,951,0,0,643,613,2179,1422,33858,77822,946,947,951,961,Sesion1,TenisdeMesa_Varonil.xlsx
216.0,,Diego Moreno,30/11/2007,Hombre,Tenis de mesa,Countermovement Jump,2026-08-31 11:24:58.887,70.57,Trial 1,34.5,186.3,199.3,0,0,2588,2380,0.45,886,800,0,0,704,740,2211,2972,51242,42519,797,866,800,886,Sesion1,TenisdeMesa_Varonil.xlsx
216.0,,Diego Moreno,30/11/2007,Hombre,Tenis de mesa,Countermovement Jump,2026-08-31 11:24:58.887,70.57,Trial 2,36.4,191.9,204.9,0,1000,3034,2730,0.48,865,807,2,4,696,729,1961,2740,52693,36315,806,857,807,865,Sesion1,TenisdeMesa_Varonil.xlsx
216.0,,Diego Moreno,30/11/2007,Hombre,Tenis de mesa,Countermovement Jump,2026-08-31 11:24:58.887,70.57,Trial 3,34.5,179.4,185.1,1000,-100,2915,3263,0.46,937,796,14,2,761,766,2141,1808,60268,27449,796,928,789,937,Sesion1,TenisdeMesa_Varonil.xlsx
212.0,C135,Benjamin Espinoza,24/10/2007,Hombre ,Tenis de mesa,Countermovement Jump,2026-08-31 11:19:23.270,83.46,Trial 1,24.5,204.0,202.0,962,577,1794,1634,0.28,898,902,34,24,765,736,1043,1232,16209,8151,902,898,875,883,Sesion1,TenisdeMesa_Varonil.xlsx
212.0,C135,Benjamin Espinoza,24/10/2007,Hombre ,Tenis de mesa,Countermovement Jump,2026-08-31 11:19:23.270,83.46,Trial 2,25.3,202.8,190.5,500,750,2130,2848,0.33,931,978,20,30,806,735,1454,1504,16710,15150,978,931,968,914,Sesion1,TenisdeMesa_Varonil.xlsx
212.0,C135,Benjamin Espinoza,24/10/2007,Hombre ,Tenis de mesa,Countermovement Jump,2026-08-31 11:19:23.270,83.46,Trial 3,25.5,197.6,197.0,438,875,2622,2251,0.36,936,1007,10,16,796,788,1158,2090,21325,9193,1007,936,999,922,Sesion1,TenisdeMesa_Varonil.xlsx
211.0,C136,Gilberto Aceves,17/07/2008,Hombre ,Tenis de mesa,Countermovement Jump,2026-08-31 11:18:44.643,57.7,Trial 1,34.9,135.9,150.3,-500,750,2252,2641,0.55,758,651,94,10,617,662,2974,2271,103228,114385,651,758,644,754,Sesion1,TenisdeMesa_Varonil.xlsx
211.0,C136,Gilberto Aceves,17/07/2008,Hombre ,Tenis de mesa,Countermovement Jump,2026-08-31 11:18:44.643,57.7,Trial 2,35.3,142.1,156.7,247,390,1476,2017,0.51,728,638,184,182,616,693,2599,2017,56028,64975,638,728,605,670,Sesion1,TenisdeMesa_Varonil.xlsx
211.0,C136,Gilberto Aceves,17/07/2008,Hombre ,Tenis de mesa,Countermovement Jump,2026-08-31 11:18:44.643,57.7,Trial 3,34.6,133.2,154.4,0,0,1441,2057,0.47,771,632,26,0,586,668,2102,2300,35938,33903,632,770,627,771,Sesion1,TenisdeMesa_Varonil.xlsx
215.0,C133,Santiago Morales,09/02/2007,Hombre ,Tenis de mesa,Countermovement Jump,2026-08-31 11:32:08.577,77.21,Trial 1,31.0,177.1,218.3,333,333,2739,3607,0.44,1002,853,4,6,724,862,1024,1813,41205,16000,853,1002,851,1000,Sesion1,TenisdeMesa_Varonil.xlsx
215.0,C133,Santiago Morales,09/02/2007,Hombre ,Tenis de mesa,Countermovement Jump,2026-08-31 11:32:08.577,77.21,Trial 2,34.7,204.6,208.0,0,0,3371,3321,0.47,967,999,0,0,737,803,1382,1240,18236,20324,992,959,999,967,Sesion1,TenisdeMesa_Varonil.xlsx
215.0,C133,Santiago Morales,09/02/2007,Hombre ,Tenis de mesa,Countermovement Jump,2026-08-31 11:32:08.577,77.21,Trial 3,32.5,187.8,224.8,0,0,3078,3425,0.43,1050,891,0,0,706,826,844,1545,27590,10550,878,1050,891,1050,Sesion1,TenisdeMesa_Varonil.xlsx
209.0,C134,Roberto Perez,15/11/2006,Hombre ,Tenis de mesa,Countermovement Jump,2026-08-31 11:25:33.493,77.32,Trial 1,39.6,236.5,220.0,0,0,3148,2444,0.47,900,1120,0,2,755,732,5421,4657,332634,338836,1111,899,1120,900,Sesion1,TenisdeMesa_Varonil.xlsx
209.0,C134,Roberto Perez,15/11/2006,Hombre ,Tenis de mesa,Countermovement Jump,2026-08-31 11:25:33.493,77.32,Trial 2,40.5,234.6,208.8,0,0,4174,3120,0.54,918,1228,0,2,761,713,3947,3753,234554,179426,1217,910,1228,918,Sesion1,TenisdeMesa_Varonil.xlsx
209.0,C134,Roberto Perez,15/11/2006,Hombre ,Tenis de mesa,Countermovement Jump,2026-08-31 11:25:33.493,77.32,Trial 3,39.0,231.2,209.5,-1000,1500,3855,2713,0.51,892,1214,0,16,737,722,3147,3288,71475,65570,1207,892,1214,877,Sesion1,TenisdeMesa_Varonil.xlsx
45,,Julieta Gonzalez,23/08/2005,Mujer,Tennis,Countermovement Jump,2026-08-13 07:34:11.140,61.76,Trial 1,20.6,150.0,157.8,0,0,1468,1804,0.26,699,639,0,0,571,550,1372,1648,27459,21443,637,695,639,699,Sesion1,Tennis_Femenil.xlsx
45,,Julieta Gonzalez,23/08/2005,Mujer,Tennis,Countermovement Jump,2026-08-13 07:34:11.140,61.76,Trial 2,20.0,150.9,150.4,0,0,1720,1491,0.25,632,665,0,10,547,539,1621,1972,30805,24566,665,630,665,632,Sesion1,Tennis_Femenil.xlsx
45,,Julieta Gonzalez,23/08/2005,Mujer,Tennis,Countermovement Jump,2026-08-13 07:34:11.140,61.76,Trial 3,20.5,147.3,157.1,0,0,1642,1967,0.27,761,660,2,0,541,510,1707,1388,19822,26677,660,757,660,761,Sesion1,Tennis_Femenil.xlsx
43,,Lizzy Perez,08/10/2004,Mujer,Tennis,Countermovement Jump,2026-08-13 07:26:26.047,74.4,Trial 1,13.9,171.2,178.2,1000,0,1422,1243,0.15,720,640,38,0,600,599,984,1233,17608,15380,640,719,638,720,Sesion1,Tennis_Femenil.xlsx
43,,Lizzy Perez,08/10/2004,Mujer,Tennis,Countermovement Jump,2026-08-13 07:26:26.047,74.4,Trial 2,14.3,172.2,168.5,500,-250,1713,1558,0.18,754,728,4,0,609,587,1687,1308,17204,23435,727,746,728,754,Sesion1,Tennis_Femenil.xlsx
43,,Lizzy Perez,08/10/2004,Mujer,Tennis,Countermovement Jump,2026-08-13 07:26:26.047,74.4,Trial 3,14.6,168.2,173.7,500,750,1818,1979,0.19,754,710,4,4,601,591,810,1506,21508,10950,708,752,710,754,Sesion1,Tennis_Femenil.xlsx
44,,Maria Moran,03/05/2007,Mujer,Tennis,Countermovement Jump,2026-08-13 07:23:26.807,57.48,Trial 1,26.2,150.6,156.3,500,0,1617,1521,0.32,604,621,2,0,515,554,1191,1297,28186,25898,617,602,621,604,Sesion1,Tennis_Femenil.xlsx
44,,Maria Moran,03/05/2007,Mujer,Tennis,Countermovement Jump,2026-08-13 07:23:26.807,57.48,Trial 2,26.6,142.9,142.4,0,0,2347,2046,0.37,647,660,0,2,553,574,1408,1341,25780,23472,660,632,660,647,Sesion1,Tennis_Femenil.xlsx
44,,Maria Moran,03/05/2007,Mujer,Tennis,Countermovement Jump,2026-08-13 07:23:26.807,57.48,Trial 3,26.0,137.6,151.9,0,0,2246,2066,0.35,658,659,0,0,511,572,782,1522,34580,15045,657,657,659,658,Sesion1,Tennis_Femenil.xlsx
53,,Ignacio Ruiz,01/01/2007,Hombre,Tennis,Countermovement Jump,2026-08-13 08:05:55.517,70.86,Trial 1,36.4,199.7,173.7,1227,273,2141,1876,0.47,790,856,48,14,797,727,3042,2998,88180,76050,856,790,818,776,Sesion1,Tennis_Varonil.xlsx
53,,Ignacio Ruiz,01/01/2007,Hombre,Tennis,Countermovement Jump,2026-08-13 08:05:55.517,70.86,Trial 2,36.4,195.3,182.7,878,722,1541,1301,0.47,816,841,180,174,793,753,2110,3076,102537,62059,841,816,683,718,Sesion1,Tennis_Varonil.xlsx
53,,Ignacio Ruiz,01/01/2007,Hombre,Tennis,Countermovement Jump,2026-08-13 08:05:55.517,70.86,Trial 3,36.0,194.1,181.9,63,484,2035,1260,0.46,789,814,192,184,787,743,2484,2815,70378,62100,814,789,803,694,Sesion1,Tennis_Varonil.xlsx
54,,Alan Nino,04/02/2005,Hombre,Tennis,Countermovement Jump,2026-08-13 08:00:50.620,88.85,Trial 1,37.7,220.2,236.3,1000,-500,3481,4312,0.55,1265,1172,2,6,891,932,3174,2849,64747,88161,1171,1265,1172,1262,Sesion1,Tennis_Varonil.xlsx
54,,Alan Nino,04/02/2005,Hombre,Tennis,Countermovement Jump,2026-08-13 08:00:50.620,88.85,Trial 2,37.6,220.2,236.6,0,0,4133,4703,0.52,1297,1338,0,0,952,998,1436,2247,43209,25639,1307,1297,1338,1297,Sesion1,Tennis_Varonil.xlsx
54,,Alan Nino,04/02/2005,Hombre,Tennis,Countermovement Jump,2026-08-13 08:00:50.620,88.85,Trial 3,37.3,223.5,221.0,-2000,2500,4291,4247,0.54,1261,1326,0,2,932,950,2210,2144,39701,38100,1319,1261,1326,1260,Sesion1,Tennis_Varonil.xlsx
50,,Andres Castellanos,07/06/2004,Hombre,Tennis,Countermovement Jump,2026-08-13 07:56:46.783,82.07,Trial 1,29.9,245.6,219.4,250,250,2372,1967,0.33,828,975,2,4,775,713,3023,4262,236790,100770,975,825,974,828,Sesion1,Tennis_Varonil.xlsx
50,,Andres Castellanos,07/06/2004,Hombre,Tennis,Countermovement Jump,2026-08-13 07:56:46.783,82.07,Trial 2,29.2,241.0,227.3,0,0,2744,2506,0.34,887,986,0,2,741,708,3138,4093,341102,120696,982,884,986,887,Sesion1,Tennis_Varonil.xlsx
50,,Andres Castellanos,07/06/2004,Hombre,Tennis,Countermovement Jump,2026-08-13 07:56:46.783,82.07,Trial 3,30.8,246.0,215.4,0,0,3456,2550,0.37,879,1058,0,0,781,688,3601,3849,384922,120037,1046,871,1058,879,Sesion1,Tennis_Varonil.xlsx
46,,Emilio Gonzalez,08/03/2006,Hombre,Tennis,Countermovement Jump,2026-08-13 07:49:31.567,76.38,Trial 1,35.2,214.9,204.5,0,0,3088,2155,0.45,811,960,0,6,735,760,2908,2697,122580,103844,949,805,960,811,Sesion1,Tennis_Varonil.xlsx
46,,Emilio Gonzalez,08/03/2006,Hombre,Tennis,Countermovement Jump,2026-08-13 07:49:31.567,76.38,Trial 2,36.1,208.2,220.7,0,0,2547,2487,0.43,867,918,0,6,705,774,3195,2492,73287,88740,915,867,918,862,Sesion1,Tennis_Varonil.xlsx
46,,Emilio Gonzalez,08/03/2006,Hombre,Tennis,Countermovement Jump,2026-08-13 07:49:31.567,76.38,Trial 3,36.2,214.1,218.2,0,0,2570,2098,0.45,816,925,0,0,719,763,1660,1575,31495,39515,888,816,925,816,Sesion1,Tennis_Varonil.xlsx
40,,Deniss Jiménez,20/09/2007,Hombre,Tennis,Countermovement Jump,2026-08-13 07:38:50.850,57.55,Trial 1,25.1,147.2,157.3,0,0,1902,1919,0.32,678,667,0,0,482,496,1446,1737,29944,25815,652,674,667,678,Sesion1,Tennis_Varonil.xlsx
40,,Deniss Jiménez,20/09/2007,Hombre,Tennis,Countermovement Jump,2026-08-13 07:38:50.850,57.55,Trial 2,26.1,138.2,147.8,0,0,1661,1987,0.37,722,627,0,0,511,511,1928,1716,29582,40159,625,718,627,722,Sesion1,Tennis_Varonil.xlsx
40,,Deniss Jiménez,20/09/2007,Hombre,Tennis,Countermovement Jump,2026-08-13 07:38:50.850,57.55,Trial 3,25.7,147.0,150.8,0,0,1804,1928,0.33,674,640,0,0,529,510,1612,1793,34476,32233,630,667,640,674,Sesion1,Tennis_Varonil.xlsx
55,,Oscar Hernández,08/03/2008,Hombre,Tennis,Countermovement Jump,2026-08-13 08:10:13.250,70.21,Trial 1,31.0,188.2,167.4,917,417,2023,1199,0.34,774,826,38,12,727,624,1821,1600,26670,31398,826,774,807,769,Sesion1,Tennis_Varonil.xlsx
55,,Oscar Hernández,08/03/2008,Hombre,Tennis,Countermovement Jump,2026-08-13 08:10:13.250,70.21,Trial 2,29.9,195.4,179.1,0,0,2384,1738,0.36,804,837,0,0,704,632,1769,2439,50817,35382,825,787,837,804,Sesion1,Tennis_Varonil.xlsx
55,,Oscar Hernández,08/03/2008,Hombre,Tennis,Countermovement Jump,2026-08-13 08:10:13.250,70.21,Trial 3,28.3,169.2,167.5,0,0,3714,2845,0.4,929,929,0,0,714,672,1365,1895,47380,23536,923,909,929,929,Sesion1,Tennis_Varonil.xlsx
56,,Paolo García,25/09/2007,Hombre,Tennis,Countermovement Jump,2026-08-13 08:09:39.617,71.54,Trial 1,32.5,185.6,190.2,333,625,1301,1247,0.36,804,762,30,24,680,685,2394,1777,25383,38615,762,804,752,789,Sesion1,Tennis_Varonil.xlsx
56,,Paolo García,25/09/2007,Hombre,Tennis,Countermovement Jump,2026-08-13 08:09:39.617,71.54,Trial 2,33.3,184.8,188.2,250,500,2354,2265,0.44,840,845,6,12,678,690,2176,2079,30571,36269,845,840,843,837,Sesion1,Tennis_Varonil.xlsx
56,,Paolo García,25/09/2007,Hombre,Tennis,Countermovement Jump,2026-08-13 08:09:39.617,71.54,Trial 3,33.3,177.5,188.8,167,667,2166,2381,0.44,908,841,14,18,707,732,1633,1901,27155,24744,841,908,835,896,Sesion1,Tennis_Varonil.xlsx
47,,Ricardo Sada,21/08/2007,Hombre,Tennis,Countermovement Jump,2026-08-13 08:06:18.490,75.7,Trial 1,47.3,225.8,205.9,66,82,3133,2732,0.65,904,918,30,194,869,817,1314,3282,63109,20530,918,861,903,904,Sesion1,Tennis_Varonil.xlsx
47,,Ricardo Sada,21/08/2007,Hombre,Tennis,Countermovement Jump,2026-08-13 08:06:18.490,75.7,Trial 2,47.2,224.8,212.8,322,-104,3285,2795,0.66,905,911,212,0,886,814,2489,2486,42856,42912,911,892,887,905,Sesion1,Tennis_Varonil.xlsx
47,,Ricardo Sada,21/08/2007,Hombre,Tennis,Countermovement Jump,2026-08-13 08:06:18.490,75.7,Trial 3,46.8,228.7,207.9,465,-283,3250,2728,0.62,926,949,188,0,905,814,2206,2378,32131,28281,949,916,886,926,Sesion1,Tennis_Varonil.xlsx
52,,Mauricio Sada,15/02/2006,Hombre,Tennis,Countermovement Jump,2026-08-13 08:02:20.350,68.77,Trial 1,32.3,171.8,188.4,1342,-247,1060,1874,0.4,798,752,190,20,720,716,1948,1242,22174,38953,752,798,497,781,Sesion1,Tennis_Varonil.xlsx
52,,Mauricio Sada,15/02/2006,Hombre,Tennis,Countermovement Jump,2026-08-13 08:02:20.350,68.77,Trial 2,32.2,167.8,164.8,133,667,2705,2480,0.47,857,857,8,22,712,714,1382,920,11217,25586,857,857,851,836,Sesion1,Tennis_Varonil.xlsx
52,,Mauricio Sada,15/02/2006,Hombre,Tennis,Countermovement Jump,2026-08-13 08:02:20.350,68.77,Trial 3,31.8,174.0,180.8,300,767,1908,2185,0.41,801,729,42,30,661,667,1973,1594,39844,49316,729,801,717,778,Sesion1,Tennis_Varonil.xlsx
51,,Mauricio Gonzalez ,24/05/2007,Hombre,Tennis,Countermovement Jump,2026-08-13 07:57:54.570,75.74,Trial 1,35.8,205.8,193.1,1125,-500,2557,2545,0.5,818,882,8,0,812,778,2059,2982,53246,34311,882,818,873,818,Sesion1,Tennis_Varonil.xlsx
51,,Mauricio Gonzalez ,24/05/2007,Hombre,Tennis,Countermovement Jump,2026-08-13 07:57:54.570,75.74,Trial 2,35.3,199.7,188.7,0,0,3210,3057,0.5,862,898,0,14,825,771,1369,1833,30546,20127,887,861,898,862,Sesion1,Tennis_Varonil.xlsx
51,,Mauricio Gonzalez ,24/05/2007,Hombre,Tennis,Countermovement Jump,2026-08-13 07:57:54.570,75.74,Trial 3,35.1,209.2,186.0,129,135,2552,2450,0.47,821,893,168,184,832,788,2008,2631,41106,28681,893,821,867,795,Sesion1,Tennis_Varonil.xlsx
49,,Rodrigo De Alba,08/03/2005,Hombre,Tennis,Countermovement Jump,2026-08-13 07:53:47.503,66.38,Trial 1,37.0,182.0,170.3,1333,222,2194,2183,0.49,767,779,174,10,750,684,2052,1947,24958,93256,779,767,743,759,Sesion1,Tennis_Varonil.xlsx
49,,Rodrigo De Alba,08/03/2005,Hombre,Tennis,Countermovement Jump,2026-08-13 07:53:47.503,66.38,Trial 2,37.9,178.0,180.3,1000,444,2737,2304,0.5,813,798,18,10,698,698,2264,2381,30523,29785,798,813,780,802,Sesion1,Tennis_Varonil.xlsx
49,,Rodrigo De Alba,08/03/2005,Hombre,Tennis,Countermovement Jump,2026-08-13 07:53:47.503,66.38,Trial 3,39.0,184.9,174.0,0,0,2944,2889,0.55,851,861,0,0,743,664,2332,2031,24176,27758,860,845,861,851,Sesion1,Tennis_Varonil.xlsx
48,,Patricio Sepulveda ,25/09/2004,Hombre,Tennis,Countermovement Jump,2026-08-13 07:51:42.960,74.56,Trial 1,28.4,196.8,183.2,-500,1200,2826,2203,0.36,792,929,2,12,728,683,1676,1901,39608,28901,925,792,929,779,Sesion1,Tennis_Varonil.xlsx
48,,Patricio Sepulveda ,25/09/2004,Hombre,Tennis,Countermovement Jump,2026-08-13 07:51:42.960,74.56,Trial 2,29.5,191.0,195.0,0,0,2583,2125,0.37,924,939,0,8,708,704,2926,2547,60647,73157,938,924,939,920,Sesion1,Tennis_Varonil.xlsx
48,,Patricio Sepulveda ,25/09/2004,Hombre,Tennis,Countermovement Jump,2026-08-13 07:51:42.960,74.56,Trial 3,29.1,195.5,188.6,1500,0,2395,1967,0.36,888,890,8,4,720,675,2894,2504,65899,76165,890,888,885,887,Sesion1,Tennis_Varonil.xlsx
148.0,C069,Andrea Cardenas,17/05/2007,Mujer,Tocho,Countermovement Jump,2026-08-24 07:28:45.627,45.35,Trial 1,34.0,114.1,120.7,0,0,1623,1960,0.49,593,553,2,0,446,465,3357,3140,224302,279727,553,593,552,593,Sesion1,Tocho_Femenil.xlsx
148.0,C069,Andrea Cardenas,17/05/2007,Mujer,Tocho,Countermovement Jump,2026-08-24 07:28:45.627,45.35,Trial 2,36.2,118.8,121.2,0,0,1898,1980,0.52,632,614,4,0,439,442,3208,2434,110646,133655,612,629,614,632,Sesion1,Tocho_Femenil.xlsx
148.0,C069,Andrea Cardenas,17/05/2007,Mujer,Tocho,Countermovement Jump,2026-08-24 07:28:45.627,45.35,Trial 3,37.4,128.3,127.5,0,0,1695,1869,0.48,631,618,2,0,423,425,3088,3478,347822,308772,616,624,618,631,Sesion1,Tocho_Femenil.xlsx
150.0,C068,Balbina Morales,27/08/2003,Mujer,Tocho,Countermovement Jump,2026-08-24 07:28:40.437,69.65,Trial 1,22.5,172.6,176.0,0,0,1891,2371,0.28,766,811,0,0,619,651,720,798,8673,3712,795,757,811,766,Sesion1,Tocho_Femenil.xlsx
150.0,C068,Balbina Morales,27/08/2003,Mujer,Tocho,Countermovement Jump,2026-08-24 07:28:40.437,69.65,Trial 2,21.9,177.3,171.4,0,0,2132,1919,0.26,738,823,0,0,616,625,653,820,8038,25119,819,734,823,738,Sesion1,Tocho_Femenil.xlsx
150.0,C068,Balbina Morales,27/08/2003,Mujer,Tocho,Countermovement Jump,2026-08-24 07:28:40.437,69.65,Trial 3,21.7,182.4,183.9,229,202,849,732,0.22,665,657,222,206,628,623,1009,685,2634,10511,657,665,606,619,Sesion1,Tocho_Femenil.xlsx
149.0,C074,Aranza Juarez,04/02/2008,Mujer,Tocho,Countermovement Jump,2026-08-24 07:22:23.247,62.2,Trial 1,24.1,142.1,130.4,357,0,2802,2466,0.41,692,750,104,4,690,631,1691,1994,33240,26421,750,692,746,691,Sesion1,Tocho_Femenil.xlsx
149.0,C074,Aranza Juarez,04/02/2008,Mujer,Tocho,Countermovement Jump,2026-08-24 07:22:23.247,62.2,Trial 2,23.9,145.9,133.0,0,0,2489,2221,0.37,695,774,0,6,654,593,1669,2019,42071,33379,773,695,774,692,Sesion1,Tocho_Femenil.xlsx
149.0,C074,Aranza Juarez,04/02/2008,Mujer,Tocho,Countermovement Jump,2026-08-24 07:22:23.247,62.2,Trial 3,25.2,145.9,139.6,0,0,2634,2663,0.41,719,758,0,0,674,614,1528,1809,33507,26344,742,719,758,719,Sesion1,Tocho_Femenil.xlsx
147.0,C072,Ianina  Cassani ,29/01/2005,Mujer,Tocho,Countermovement Jump,2026-08-24 07:18:29.427,64.86,Trial 1,30.0,155.3,151.9,1500,-1125,2623,2691,0.45,823,802,16,0,652,657,2060,1298,25969,42912,802,813,783,823,Sesion1,Tocho_Femenil.xlsx
147.0,C072,Ianina  Cassani ,29/01/2005,Mujer,Tocho,Countermovement Jump,2026-08-24 07:18:29.427,64.86,Trial 2,30.5,141.5,147.9,0,0,3374,3440,0.53,890,840,12,0,689,735,1900,1560,30009,39578,840,890,838,890,Sesion1,Tocho_Femenil.xlsx
147.0,C072,Ianina  Cassani ,29/01/2005,Mujer,Tocho,Countermovement Jump,2026-08-24 07:18:29.427,64.86,Trial 3,29.8,145.1,148.9,0,0,3654,3866,0.52,910,867,0,0,676,703,1546,1726,39238,26651,856,897,867,910,Sesion1,Tocho_Femenil.xlsx
146.0,C078,Azul Landeros,15/02/2007,Mujer,Tocho,Countermovement Jump,2026-08-24 07:17:11.770,60.11,Trial 1,22.6,127.6,137.1,900,-200,2087,2527,0.38,709,634,122,2,594,632,1867,1655,55180,58342,634,705,623,709,Sesion1,Tocho_Femenil.xlsx
146.0,C078,Azul Landeros,15/02/2007,Mujer,Tocho,Countermovement Jump,2026-08-24 07:17:11.770,60.11,Trial 2,22.8,127.0,144.3,1500,250,1974,2385,0.36,729,608,156,4,571,628,1176,1247,34650,26726,608,721,571,729,Sesion1,Tocho_Femenil.xlsx
146.0,C078,Azul Landeros,15/02/2007,Mujer,Tocho,Countermovement Jump,2026-08-24 07:17:11.770,60.11,Trial 3,23.6,135.1,147.8,667,-500,2328,2496,0.37,748,639,16,0,573,601,1696,1663,63977,65228,639,736,635,748,Sesion1,Tocho_Femenil.xlsx
143.0,C079,Daniela Prado,05/05/2005,Mujer,Tocho,Countermovement Jump,2026-08-24 07:15:08.660,60.55,Trial 1,25.5,153.4,155.8,0,0,2182,2299,0.34,722,678,0,0,566,563,1075,1271,27640,16284,667,714,678,722,Sesion1,Tocho_Femenil.xlsx
143.0,C079,Daniela Prado,05/05/2005,Mujer,Tocho,Countermovement Jump,2026-08-24 07:15:08.660,60.55,Trial 2,24.7,149.8,150.5,-750,1000,2369,2194,0.33,673,716,0,10,581,585,1166,1370,18032,14217,703,673,716,667,Sesion1,Tocho_Femenil.xlsx
143.0,C079,Daniela Prado,05/05/2005,Mujer,Tocho,Countermovement Jump,2026-08-24 07:15:08.660,60.55,Trial 3,24.9,155.9,150.6,0,0,2209,2125,0.32,706,717,0,2,565,557,377,793,14694,5091,711,700,717,706,Sesion1,Tocho_Femenil.xlsx
144.0,C073,Ana Laura De castro,19/09/2008,Mujer,Tocho,Countermovement Jump,2026-08-24 07:11:53.760,66.12,Trial 1,26.9,156.4,156.9,0,0,3135,3172,0.4,886,841,0,2,619,632,1839,1580,25490,28733,841,877,841,886,Sesion1,Tocho_Femenil.xlsx
144.0,C073,Ana Laura De castro,19/09/2008,Mujer,Tocho,Countermovement Jump,2026-08-24 07:11:53.760,66.12,Trial 2,26.2,163.1,171.8,0,0,2949,3109,0.37,879,874,0,0,590,656,1803,2090,31673,26514,854,844,874,879,Sesion1,Tocho_Femenil.xlsx
144.0,C073,Ana Laura De castro,19/09/2008,Mujer,Tocho,Countermovement Jump,2026-08-24 07:11:53.760,66.12,Trial 3,26.4,152.5,160.7,0,0,3409,3284,0.4,853,902,0,0,627,685,1896,2314,39903,31599,876,853,902,853,Sesion1,Tocho_Femenil.xlsx
137.0,C080,Daniela  García,11/02/2005,Mujer,Tocho,Countermovement Jump,2026-08-24 07:08:14.553,64.43,Trial 1,28.8,139.3,143.6,850,250,3387,3580,0.49,923,839,20,6,676,676,1575,2217,61577,37508,839,923,822,916,Sesion1,Tocho_Femenil.xlsx
137.0,C080,Daniela  García,11/02/2005,Mujer,Tocho,Countermovement Jump,2026-08-24 07:08:14.553,64.43,Trial 2,28.1,135.9,144.9,625,875,3315,3677,0.48,921,847,8,6,667,694,1941,2263,80814,60667,847,921,842,914,Sesion1,Tocho_Femenil.xlsx
137.0,C080,Daniela  García,11/02/2005,Mujer,Tocho,Countermovement Jump,2026-08-24 07:08:14.553,64.43,Trial 3,27.7,144.6,152.0,1500,-1000,3557,3995,0.44,927,860,2,0,647,667,1957,2530,140543,88970,857,920,860,927,Sesion1,Tocho_Femenil.xlsx
145.0,C071,María José  Lozano,18/07/2007,Mujer,Tocho,Countermovement Jump,2026-08-24 07:25:15.640,60.25,Trial 1,24.5,148.4,144.8,750,500,1322,1366,0.28,681,675,10,4,605,572,1377,1259,20305,21517,675,681,671,679,Sesion1,Tocho_Femenil.xlsx
145.0,C071,María José  Lozano,18/07/2007,Mujer,Tocho,Countermovement Jump,2026-08-24 07:25:15.640,60.25,Trial 2,27.0,150.1,154.6,3500,500,1448,1517,0.33,743,673,2,4,562,564,1602,1494,25757,28609,673,743,669,743,Sesion1,Tocho_Femenil.xlsx
145.0,C071,María José  Lozano,18/07/2007,Mujer,Tocho,Countermovement Jump,2026-08-24 07:25:15.640,60.25,Trial 3,26.6,159.3,151.1,800,600,1724,1429,0.32,714,701,12,10,562,534,987,685,8154,17627,701,714,692,708,Sesion1,Tocho_Femenil.xlsx
141.0,C077,Maria  Ruiz,17/01/2008,Mujer,Tocho,Countermovement Jump,2026-08-24 07:24:37.837,52.14,Trial 1,28.8,133.9,136.1,0,0,2374,2252,0.41,619,676,2,0,478,506,1367,1500,23444,21358,675,614,676,619,Sesion1,Tocho_Femenil.xlsx
141.0,C077,Maria  Ruiz,17/01/2008,Mujer,Tocho,Countermovement Jump,2026-08-24 07:24:37.837,52.14,Trial 2,28.3,130.8,133.7,0,0,2624,2419,0.42,723,718,0,0,504,508,1489,1939,38788,29779,697,688,718,723,Sesion1,Tocho_Femenil.xlsx
141.0,C077,Maria  Ruiz,17/01/2008,Mujer,Tocho,Countermovement Jump,2026-08-24 07:24:37.837,52.14,Trial 3,28.0,138.1,131.8,0,0,2461,2601,0.41,700,697,0,0,522,508,2103,1951,37527,33918,685,696,697,700,Sesion1,Tocho_Femenil.xlsx
142.0,C075,Zuhri Regalado,29/01/2007,Mujer,Tocho,Countermovement Jump,2026-08-24 07:21:20.647,64.08,Trial 1,23.1,144.6,144.1,152,234,1692,2183,0.27,700,711,160,154,678,674,1827,2640,73346,43494,711,700,685,663,Sesion1,Tocho_Femenil.xlsx
142.0,C075,Zuhri Regalado,29/01/2007,Mujer,Tocho,Countermovement Jump,2026-08-24 07:21:20.647,64.08,Trial 2,28.1,162.7,155.4,2500,500,2366,2400,0.41,758,785,2,2,643,626,1553,1757,31383,25044,785,757,780,758,Sesion1,Tocho_Femenil.xlsx
142.0,C075,Zuhri Regalado,29/01/2007,Mujer,Tocho,Countermovement Jump,2026-08-24 07:21:20.647,64.08,Trial 3,25.7,158.6,159.2,0,667,2447,2208,0.35,708,811,0,6,635,624,2256,2127,42549,49038,810,708,811,705,Sesion1,Tocho_Femenil.xlsx
140.0,C081,Melanie Díaz (usar este perfil),07/03/2007,Mujer,Tocho,Countermovement Jump,2026-08-24 07:19:42.493,62.52,Trial 1,21.9,142.0,159.0,-500,1000,1909,1765,0.28,711,630,0,2,537,570,1941,2669,63557,38819,628,711,630,709,Sesion1,Tocho_Femenil.xlsx
140.0,C081,Melanie Díaz (usar este perfil),07/03/2007,Mujer,Tocho,Countermovement Jump,2026-08-24 07:19:42.493,62.52,Trial 2,22.2,139.1,147.4,1500,2500,2079,2122,0.32,727,672,2,2,571,606,1620,2846,54738,26999,672,727,669,725,Sesion1,Tocho_Femenil.xlsx
140.0,C081,Melanie Díaz (usar este perfil),07/03/2007,Mujer,Tocho,Countermovement Jump,2026-08-24 07:19:42.493,62.52,Trial 3,22.1,138.9,163.1,2500,-1500,1997,2497,0.32,747,624,10,0,546,607,1980,1858,42236,43042,624,747,619,747,Sesion1,Tocho_Femenil.xlsx
,C070,Ximena Cuate,19/12/2007,Mujer,Tocho,Countermovement Jump,2026-08-24 07:11:52.990,65.07,Trial 1,27.3,164.6,174.5,901,495,502,917,0.27,720,720,222,218,684,686,2381,3115,155773,99198,720,720,522,610,Sesion1,Tocho_Femenil.xlsx
,C070,Ximena Cuate,19/12/2007,Mujer,Tocho,Countermovement Jump,2026-08-24 07:11:52.990,65.07,Trial 2,29.5,180.2,187.4,556,667,979,839,0.29,671,677,18,258,623,666,1731,2027,34956,30906,677,671,668,639,Sesion1,Tocho_Femenil.xlsx
,C070,Ximena Cuate,19/12/2007,Mujer,Tocho,Countermovement Jump,2026-08-24 07:11:52.990,65.07,Trial 3,29.4,180.8,178.3,687,-62,1429,1117,0.31,668,706,16,6,619,630,1984,2028,48297,47232,706,666,697,668,Sesion1,Tocho_Femenil.xlsx
138.0,C082,Monserrat Navarro,12/07/2005,Mujer,Tocho,Countermovement Jump,2026-08-24 07:09:31.467,72.92,Trial 1,23.6,172.2,186.4,-250,500,2678,2723,0.34,842,817,0,4,704,715,1192,2116,40700,22073,804,836,817,842,Sesion1,Tocho_Femenil.xlsx
138.0,C082,Monserrat Navarro,12/07/2005,Mujer,Tocho,Countermovement Jump,2026-08-24 07:09:31.467,72.92,Trial 2,23.8,178.5,180.3,0,0,2510,2831,0.34,857,803,0,0,696,691,2430,2161,54035,63946,797,845,803,857,Sesion1,Tocho_Femenil.xlsx
138.0,C082,Monserrat Navarro,12/07/2005,Mujer,Tocho,Countermovement Jump,2026-08-24 07:09:31.467,72.92,Trial 3,23.7,182.8,188.7,0,0,2441,2516,0.32,853,821,2,0,704,719,2674,2425,57747,63665,812,829,821,853,Sesion1,Tocho_Femenil.xlsx
,C066,Nalani Gámez ,18/12/2004,Mujer,Tocho,Countermovement Jump,2026-08-24 07:05:13.290,63.63,Trial 1,29.5,167.5,155.7,-54,363,2267,1877,0.38,684,709,0,164,658,636,1731,1532,34813,39349,709,684,709,621,Sesion1,Tocho_Femenil.xlsx
,C066,Nalani Gámez ,18/12/2004,Mujer,Tocho,Countermovement Jump,2026-08-24 07:05:13.290,63.63,Trial 2,30.4,164.6,166.2,0,0,2172,2003,0.39,698,732,0,14,634,629,2309,3614,75287,52485,729,698,732,693,Sesion1,Tocho_Femenil.xlsx
,C066,Nalani Gámez ,18/12/2004,Mujer,Tocho,Countermovement Jump,2026-08-24 07:05:13.290,63.63,Trial 3,28.9,167.6,167.7,301,194,1328,1025,0.32,661,674,198,196,626,625,2027,1879,44733,48270,674,661,618,623,Sesion1,Tocho_Femenil.xlsx
33,C006,Angelica Torres,09/06/2007,Mujer,Volleyball,Countermovement Jump,2026-08-10 08:22:44.043,74.88,Trial 1,30.1,201.4,199.3,0,0,3059,2776,0.39,1003,1008,0,0,685,694,1964,1263,23380,37762,980,961,1008,1003,Sesion1,Volleyball_Femenil.xlsx
33,C006,Angelica Torres,09/06/2007,Mujer,Volleyball,Countermovement Jump,2026-08-10 08:22:44.043,74.88,Trial 2,29.5,185.5,187.3,0,0,4299,4214,0.39,971,1068,0,0,707,757,918,1266,19175,11470,1046,951,1068,971,Sesion1,Volleyball_Femenil.xlsx
188,C003,Dayana Castillo,24/06/2005,Mujer,Volleyball,Countermovement Jump,2026-08-10 08:20:33.867,80.93,Trial 1,26.5,215.6,193.9,0,0,2808,2331,0.36,776,967,0,28,834,729,1912,1890,55596,53104,907,776,967,770,Sesion1,Volleyball_Femenil.xlsx
188,C003,Dayana Castillo,24/06/2005,Mujer,Volleyball,Countermovement Jump,2026-08-10 08:20:33.867,80.93,Trial 2,25.0,214.6,197.7,0,0,2856,2139,0.33,780,979,0,0,798,725,1823,1699,33985,32549,923,776,979,780,Sesion1,Volleyball_Femenil.xlsx
188,C003,Dayana Castillo,24/06/2005,Mujer,Volleyball,Countermovement Jump,2026-08-10 08:20:33.867,80.93,Trial 3,25.8,238.0,191.6,0,0,2635,1928,0.32,747,986,0,214,830,697,1930,1070,14865,28379,974,747,986,726,Sesion1,Volleyball_Femenil.xlsx
194,,Ana  Moreno,18/05/2009,Mujer,Volleyball,Countermovement Jump,2026-08-10 08:19:04.467,72.45,Trial 1,26.3,203.5,188.8,0,0,2102,1744,0.33,693,763,0,0,681,645,1192,1123,13364,14186,760,686,763,693,Sesion1,Volleyball_Femenil.xlsx
194,,Ana  Moreno,18/05/2009,Mujer,Volleyball,Countermovement Jump,2026-08-10 08:19:04.467,72.45,Trial 2,25.4,211.8,194.6,0,0,2406,2323,0.31,736,796,0,0,671,624,1712,1062,14744,25171,786,724,796,736,Sesion1,Volleyball_Femenil.xlsx
194,,Ana  Moreno,18/05/2009,Mujer,Volleyball,Countermovement Jump,2026-08-10 08:19:04.467,72.45,Trial 3,25.9,210.7,190.3,0,0,2577,1628,0.32,673,855,0,238,682,645,1434,1563,20033,18380,849,673,855,673,Sesion1,Volleyball_Femenil.xlsx
193,C010,Ana Covarrubias,29/10/2005,Mujer,Volleyball,Countermovement Jump,2026-08-10 08:16:04.007,72.08,Trial 1,28.0,184.7,182.6,0,0,3467,2722,0.39,914,910,0,0,695,673,993,1001,16688,17116,886,898,910,914,Sesion1,Volleyball_Femenil.xlsx
193,C010,Ana Covarrubias,29/10/2005,Mujer,Volleyball,Countermovement Jump,2026-08-10 08:16:04.007,72.08,Trial 2,27.9,180.9,192.2,0,0,3712,3338,0.39,969,976,0,0,672,675,1233,1160,24172,26799,927,966,976,969,Sesion1,Volleyball_Femenil.xlsx
193,C010,Ana Covarrubias,29/10/2005,Mujer,Volleyball,Countermovement Jump,2026-08-10 08:16:04.007,72.08,Trial 3,27.7,186.8,183.0,0,0,3969,3228,0.4,964,967,0,0,717,688,1159,932,16074,21458,931,946,967,964,Sesion1,Volleyball_Femenil.xlsx
26,C011,Cynthia Palomo,05/04/2009,Mujer,Volleyball,Countermovement Jump,2026-08-10 08:15:16.077,79.78,Trial 1,31.1,183.0,189.1,0,0,4765,5404,0.5,1126,1170,0,0,814,855,1579,1505,21503,20240,1119,1107,1170,1126,Sesion1,Volleyball_Femenil.xlsx
26,C011,Cynthia Palomo,05/04/2009,Mujer,Volleyball,Countermovement Jump,2026-08-10 08:15:16.077,79.78,Trial 2,30.7,195.0,195.4,0,0,3890,4687,0.46,1068,1124,0,0,796,819,1849,1403,24193,30812,1073,1044,1124,1068,Sesion1,Volleyball_Femenil.xlsx
36,C012,Brenda Ruth Sanchez,01/01/2003,Mujer,Volleyball,Countermovement Jump,2026-08-10 08:12:10.733,79.34,Trial 1,29.3,189.5,200.6,0,0,2904,3325,0.39,959,916,0,4,820,835,1920,1647,23533,25941,911,959,916,959,Sesion1,Volleyball_Femenil.xlsx
36,C012,Brenda Ruth Sanchez,01/01/2003,Mujer,Volleyball,Countermovement Jump,2026-08-10 08:12:10.733,79.34,Trial 2,29.4,178.9,197.5,269,231,2663,2961,0.42,1006,875,80,16,810,849,1465,1926,40132,26154,875,1006,844,996,Sesion1,Volleyball_Femenil.xlsx
36,C012,Brenda Ruth Sanchez,01/01/2003,Mujer,Volleyball,Countermovement Jump,2026-08-10 08:12:10.733,79.34,Trial 3,24.9,176.5,194.5,0,0,3156,3026,0.33,1027,964,0,0,780,821,1717,1752,30213,28610,910,1007,964,1027,Sesion1,Volleyball_Femenil.xlsx
197,C013,Jimena Salinas,03/07/2004,Mujer,Volleyball,Countermovement Jump,2026-08-10 08:09:02.053,62.82,Trial 1,29.0,135.4,145.8,0,0,4010,3986,0.52,921,812,0,0,675,722,1170,737,7373,15808,794,894,812,921,Sesion1,Volleyball_Femenil.xlsx
197,C013,Jimena Salinas,03/07/2004,Mujer,Volleyball,Countermovement Jump,2026-08-10 08:09:02.053,62.82,Trial 2,28.4,139.4,151.7,0,0,3050,3230,0.47,855,800,0,0,632,689,773,871,14053,11708,778,829,800,855,Sesion1,Volleyball_Femenil.xlsx
197,C013,Jimena Salinas,03/07/2004,Mujer,Volleyball,Countermovement Jump,2026-08-10 08:09:02.053,62.82,Trial 4,28.0,136.7,145.1,0,0,3513,3654,0.48,943,811,0,0,659,687,1205,713,7430,15852,799,895,811,943,Sesion1,Volleyball_Femenil.xlsx
201,C020,Naomy Lepe,16/05/2007,Mujer,Volleyball,Countermovement Jump,2026-08-10 08:22:37.930,73.75,Trial 1,27.2,168.8,198.5,0,0,2111,2924,0.38,966,706,182,0,677,713,1389,1821,28457,19839,706,962,687,966,Sesion1,Volleyball_Femenil.xlsx
201,C020,Naomy Lepe,16/05/2007,Mujer,Volleyball,Countermovement Jump,2026-08-10 08:22:37.930,73.75,Trial 2,27.0,176.8,186.9,0,0,2534,2574,0.37,959,789,6,0,692,701,1271,1609,22351,17649,789,946,786,959,Sesion1,Volleyball_Femenil.xlsx
201,C020,Naomy Lepe,16/05/2007,Mujer,Volleyball,Countermovement Jump,2026-08-10 08:22:37.930,73.75,Trial 3,25.1,175.4,192.6,0,0,2905,2533,0.32,932,737,0,0,665,692,1092,1899,30633,12695,734,920,737,932,Sesion1,Volleyball_Femenil.xlsx
198,C005,Naomi Cruz,15/09/2007,Mujer,Volleyball,Countermovement Jump,2026-08-10 08:20:53.380,66.23,Trial 1,35.6,171.1,173.0,833,-167,1796,2336,0.46,796,761,24,0,696,712,817,991,15976,13610,761,794,751,796,Sesion1,Volleyball_Femenil.xlsx
198,C005,Naomi Cruz,15/09/2007,Mujer,Volleyball,Countermovement Jump,2026-08-10 08:20:53.380,66.23,Trial 2,35.3,174.3,171.4,2500,1500,2280,2415,0.46,811,827,2,2,685,700,1349,2193,49830,25935,827,807,822,811,Sesion1,Volleyball_Femenil.xlsx
198,C005,Naomi Cruz,15/09/2007,Mujer,Volleyball,Countermovement Jump,2026-08-10 08:20:53.380,66.23,Trial 3,36.4,179.2,177.1,0,0,2306,2144,0.48,797,780,0,0,687,705,1230,1823,39620,21957,780,793,780,797,Sesion1,Volleyball_Femenil.xlsx
195,C014,Paula Benitez,24/10/2005,Mujer,Volleyball,Countermovement Jump,2026-08-10 08:17:56.087,72.38,Trial 1,24.5,191.3,180.7,0,0,2978,2878,0.34,818,864,0,0,682,678,1660,709,10132,36082,852,809,864,818,Sesion1,Volleyball_Femenil.xlsx
195,C014,Paula Benitez,24/10/2005,Mujer,Volleyball,Countermovement Jump,2026-08-10 08:17:56.087,72.38,Trial 2,23.6,180.8,189.8,0,0,3379,3189,0.32,844,889,0,2,652,677,1238,1198,22190,21341,862,827,889,844,Sesion1,Volleyball_Femenil.xlsx
195,C014,Paula Benitez,24/10/2005,Mujer,Volleyball,Countermovement Jump,2026-08-10 08:17:56.087,72.38,Trial 3,23.3,193.1,181.0,0,0,2899,2731,0.31,855,857,0,2,669,649,1244,701,4125,22210,845,833,857,855,Sesion1,Volleyball_Femenil.xlsx
195,C014,Paula Benitez,24/10/2005,Mujer,Volleyball,Countermovement Jump,2026-08-10 08:17:56.087,72.38,Trial 4,23.1,183.7,186.7,0,0,3067,2726,0.31,874,868,0,0,645,656,907,1060,24097,20608,849,847,868,874,Sesion1,Volleyball_Femenil.xlsx
192,C002,Victoria Campos,25/01/2007,Mujer,Volleyball,Countermovement Jump,2026-08-10 08:13:24.297,55.69,Trial 1,39.0,152.0,136.8,405,1024,2723,1788,0.59,647,715,42,166,647,610,1275,1956,39125,22764,715,647,699,579,Sesion1,Volleyball_Femenil.xlsx
192,C002,Victoria Campos,25/01/2007,Mujer,Volleyball,Countermovement Jump,2026-08-10 08:13:24.297,55.69,Trial 2,38.4,155.7,137.2,299,575,2267,2146,0.58,660,705,174,176,681,629,1233,1126,16090,15805,705,660,665,567,Sesion1,Volleyball_Femenil.xlsx
192,C002,Victoria Campos,25/01/2007,Mujer,Volleyball,Countermovement Jump,2026-08-10 08:13:24.297,55.69,Trial 3,35.7,158.2,139.4,-5,237,2605,1925,0.51,627,676,0,194,650,603,881,1598,29598,62911,672,627,676,585,Sesion1,Volleyball_Femenil.xlsx
192,C002,Victoria Campos,25/01/2007,Mujer,Volleyball,Countermovement Jump,2026-08-10 08:13:24.297,55.69,Trial 4,37.5,153.4,147.9,98,340,2335,1860,0.52,627,668,194,192,635,612,1297,2563,53401,23156,668,627,649,565,Sesion1,Volleyball_Femenil.xlsx
190,C004,Karen Cisneros,08/11/2007,Mujer,Volleyball,Countermovement Jump,2026-08-10 08:11:23.813,61.92,Trial 1,26.9,135.6,139.2,0,0,4223,4084,0.45,872,911,0,0,622,637,1703,2020,53165,42569,886,860,911,872,Sesion1,Volleyball_Femenil.xlsx
190,C004,Karen Cisneros,08/11/2007,Mujer,Volleyball,Countermovement Jump,2026-08-10 08:11:23.813,61.92,Trial 2,25.7,151.6,151.8,0,0,2679,2934,0.37,783,840,0,0,544,562,2559,1791,74636,255876,792,758,840,783,Sesion1,Volleyball_Femenil.xlsx
190,C004,Karen Cisneros,08/11/2007,Mujer,Volleyball,Countermovement Jump,2026-08-10 08:11:23.813,61.92,Trial 3,23.6,142.1,148.5,0,0,3352,2798,0.35,774,860,0,2,552,596,1047,1362,14492,13084,807,760,860,774,Sesion1,Volleyball_Femenil.xlsx
189,C009,Michelle Arzate,21/01/2005,Mujer,Volleyball,Countermovement Jump,2026-08-10 08:10:13.047,85.19,Trial 1,24.4,210.3,223.1,0,0,2433,3226,0.32,1002,883,0,0,780,830,1577,1915,43531,32846,869,968,883,1002,Sesion1,Volleyball_Femenil.xlsx
189,C009,Michelle Arzate,21/01/2005,Mujer,Volleyball,Countermovement Jump,2026-08-10 08:10:13.047,85.19,Trial 2,23.3,202.3,241.5,0,0,2728,3631,0.31,1036,858,0,0,764,838,1446,1714,37268,32855,843,1022,858,1036,Sesion1,Volleyball_Femenil.xlsx
189,C009,Michelle Arzate,21/01/2005,Mujer,Volleyball,Countermovement Jump,2026-08-10 08:10:13.047,85.19,Trial 3,23.2,207.7,223.9,0,0,2904,3204,0.31,1014,884,2,0,773,808,1685,1711,40746,44332,877,1004,884,1014,Sesion1,Volleyball_Femenil.xlsx
199,C001,Stephanie Mercado,2003-06-05 00:00:00,Mujer,Volleyball,Countermovement Jump,2026-08-10 08:08:31.170,50.03,Trial 1,30.1,112.7,119.1,0,0,2942,2420,0.49,689,665,0,0,496,508,962,928,24430,22896,660,687,665,689,Sesion1,Volleyball_Femenil.xlsx
199,C001,Stephanie Mercado,06/05/2003,Mujer,Volleyball,Countermovement Jump,2026-08-10 08:08:31.170,50.03,Trial 2,28.9,113.9,120.9,0,0,2758,3014,0.46,691,681,4,0,486,487,1025,1010,29716,26964,672,688,681,691,Sesion1,Volleyball_Femenil.xlsx
199,C001,Stephanie Mercado,06/05/2003,Mujer,Volleyball,Countermovement Jump,2026-08-10 08:08:31.170,50.03,Trial 3,30.1,120.0,124.3,0,0,2780,2825,0.45,690,671,0,0,470,494,895,790,21954,21300,670,680,671,690,Sesion1,Volleyball_Femenil.xlsx
208,C131,Jimena Salinas,03/07/2004,Mujer ,Volleyball,Countermovement Jump,2026-08-31 08:20:30.113,61.62,Trial 1,29.1,134.3,147.2,0,0,3269,3267,0.49,795,819,0,0,659,719,1233,1360,21245,17128,789,791,819,795,Sesion2,Volleyball_Femenil.xlsx
208,C131,Jimena Salinas,03/07/2004,Mujer ,Volleyball,Countermovement Jump,2026-08-31 08:20:30.113,61.62,Trial 2,28.9,146.8,161.4,0,0,2500,2588,0.43,791,745,0,2,596,647,1031,1130,17651,13935,721,762,745,791,Sesion2,Volleyball_Femenil.xlsx
208,C131,Jimena Salinas,03/07/2004,Mujer ,Volleyball,Countermovement Jump,2026-08-31 08:20:30.113,61.62,Trial 3,30.7,137.5,149.1,0,0,3218,3293,0.52,867,806,0,0,648,690,1284,938,13023,18885,793,844,806,867,Sesion2,Volleyball_Femenil.xlsx
33,C006,Angelica Torres,09/06/2007,Mujer ,Volleyball,Countermovement Jump,2026-08-31 08:16:18.357,75.81,Trial 1,32.5,207.0,204.1,0,0,3035,2920,0.44,920,1006,0,2,701,745,849,1336,23854,5516,995,913,1006,920,Sesion2,Volleyball_Femenil.xlsx
33,C006,Angelica Torres,09/06/2007,Mujer ,Volleyball,Countermovement Jump,2026-08-31 08:16:18.357,75.81,Trial 2,32.1,203.4,212.3,0,0,3490,3615,0.42,1007,1034,0,0,667,731,937,2113,39127,14204,1020,992,1034,1007,Sesion2,Volleyball_Femenil.xlsx
33,C006,Angelica Torres,09/06/2007,Mujer ,Volleyball,Countermovement Jump,2026-08-31 08:16:18.357,75.81,Trial 3,31.1,194.9,195.0,0,0,3565,3655,0.45,999,1069,0,0,729,758,1668,1684,33677,29794,1037,977,1069,999,Sesion2,Volleyball_Femenil.xlsx
36,C012,Brenda Ruth Sanchez,01/01/2003,Mujer ,Volleyball,Countermovement Jump,2026-08-31 08:14:22.253,79.76,Trial 1,29.1,189.1,209.8,0,0,3250,3684,0.41,994,858,0,4,778,812,1577,1744,28126,25443,857,994,858,990,Sesion2,Volleyball_Femenil.xlsx
36,C012,Brenda Ruth Sanchez,01/01/2003,Mujer ,Volleyball,Countermovement Jump,2026-08-31 08:14:22.253,79.76,Trial 2,28.0,195.8,211.0,0,0,3311,3771,0.39,995,839,0,0,798,808,2043,1641,30386,44423,837,991,839,995,Sesion2,Volleyball_Femenil.xlsx
36,C012,Brenda Ruth Sanchez,01/01/2003,Mujer ,Volleyball,Countermovement Jump,2026-08-31 08:14:22.253,79.76,Trial 3,29.3,192.1,204.9,0,0,3527,3474,0.41,1008,934,0,0,774,807,1505,1918,31964,22810,924,1007,934,1008,Sesion2,Volleyball_Femenil.xlsx
194,C008,Ana  Moreno,18/05/2009,Mujer ,Volleyball,Countermovement Jump,2026-08-31 08:11:36.090,74.68,Trial 1,24.5,213.3,197.8,0,0,2237,2248,0.3,727,802,2,0,685,646,1590,1395,15850,20390,802,721,802,727,Sesion2,Volleyball_Femenil.xlsx
194,C008,Ana  Moreno,18/05/2009,Mujer ,Volleyball,Countermovement Jump,2026-08-31 08:11:36.090,74.68,Trial 2,23.5,211.2,193.0,0,0,2274,2214,0.29,726,824,0,2,702,655,1213,951,10565,13190,820,713,824,726,Sesion2,Volleyball_Femenil.xlsx
194,C008,Ana  Moreno,18/05/2009,Mujer ,Volleyball,Countermovement Jump,2026-08-31 08:11:36.090,74.68,Trial 3,23.6,217.0,199.8,0,0,2438,2457,0.28,775,825,4,0,677,650,1160,1438,19430,13187,817,744,825,775,Sesion2,Volleyball_Femenil.xlsx
26,C011,Cynthia Palomo,05/04/2009,Mujer ,Volleyball,Countermovement Jump,2026-08-31 08:07:57.607,79.07,Trial 1,32.1,200.9,206.5,0,0,3674,4411,0.46,1089,1103,0,0,769,783,1185,2370,32914,14457,1034,1058,1103,1089,Sesion2,Volleyball_Femenil.xlsx
26,C011,Cynthia Palomo,05/04/2009,Mujer ,Volleyball,Countermovement Jump,2026-08-31 08:07:57.607,79.07,Trial 2,32.7,212.0,207.4,0,0,3528,4409,0.47,1043,1091,0,0,727,721,1829,1438,21145,28585,1039,1017,1091,1043,Sesion2,Volleyball_Femenil.xlsx
26,C011,Cynthia Palomo,05/04/2009,Mujer ,Volleyball,Countermovement Jump,2026-08-31 08:07:57.607,79.07,Trial 3,32.8,205.2,205.7,0,0,4058,4434,0.47,1051,1098,0,0,735,775,1427,1496,23372,21628,1074,1024,1098,1051,Sesion2,Volleyball_Femenil.xlsx
188,C003,Dayana Castillo,24/06/2005,Mujer ,Volleyball,Countermovement Jump,2026-08-31 08:04:43.570,80.97,Trial 1,26.7,229.2,202.3,0,0,2765,1895,0.34,775,992,2,218,836,741,1719,1290,28053,39076,958,770,992,775,Sesion2,Volleyball_Femenil.xlsx
188,C003,Dayana Castillo,24/06/2005,Mujer ,Volleyball,Countermovement Jump,2026-08-31 08:04:43.570,80.97,Trial 2,28.9,236.0,198.4,0,0,2697,2093,0.36,762,993,0,218,832,724,1421,1605,34901,30899,977,762,993,752,Sesion2,Volleyball_Femenil.xlsx
188,C003,Dayana Castillo,24/06/2005,Mujer ,Volleyball,Countermovement Jump,2026-08-31 08:04:43.570,80.97,Trial 3,30.2,242.0,208.3,0,0,2937,2130,0.37,758,1042,0,236,816,719,1724,1822,41419,39190,1018,748,1042,758,Sesion2,Volleyball_Femenil.xlsx
193,C010,Ana Covarrubias,29/10/2005,Mujer ,Volleyball,Countermovement Jump,2026-08-31 08:02:26.933,72.62,Trial 1,26.6,180.0,189.3,0,0,2985,2676,0.37,893,901,0,0,671,696,1024,1115,19908,22271,859,886,901,893,Sesion2,Volleyball_Femenil.xlsx
193,C010,Ana Covarrubias,29/10/2005,Mujer ,Volleyball,Countermovement Jump,2026-08-31 08:02:26.933,72.62,Trial 2,27.6,191.6,186.1,0,0,3007,2898,0.38,901,940,0,0,702,687,798,1109,14216,8494,922,882,940,901,Sesion2,Volleyball_Femenil.xlsx
193,C010,Ana Covarrubias,29/10/2005,Mujer ,Volleyball,Countermovement Jump,2026-08-31 08:02:26.933,72.62,Trial 3,27.2,192.5,192.2,0,0,2951,2986,0.36,980,910,0,0,683,668,874,754,2617,2767,891,953,910,980,Sesion2,Volleyball_Femenil.xlsx
199,C001,Stephanie Mercado,06/05/2003,Mujer ,Volleyball,Countermovement Jump,2026-08-31 08:22:49.407,50.18,Trial 1,33.1,122.1,128.1,0,0,2797,2840,0.5,734,673,0,0,494,471,861,974,25627,20511,664,722,673,734,Sesion2,Volleyball_Femenil.xlsx
199,C001,Stephanie Mercado,06/05/2003,Mujer ,Volleyball,Countermovement Jump,2026-08-31 08:22:49.407,50.18,Trial 2,33.4,121.4,124.4,2500,-1000,3153,3116,0.52,721,709,2,0,493,489,1035,925,27201,32358,704,718,709,721,Sesion2,Volleyball_Femenil.xlsx
199,C001,Stephanie Mercado,06/05/2003,Mujer ,Volleyball,Countermovement Jump,2026-08-31 08:22:49.407,50.18,Trial 3,33.9,124.6,128.5,0,0,2811,2886,0.51,733,701,0,0,488,469,834,867,25495,16047,690,728,701,733,Sesion2,Volleyball_Femenil.xlsx
201,C020,Naomy Lepe,16/05/2007,Mujer ,Volleyball,Countermovement Jump,2026-08-31 08:22:44.787,74.12,Trial 1,27.0,175.3,195.9,0,0,2709,2898,0.35,954,801,0,0,659,712,1376,1736,34713,24575,793,949,801,954,Sesion2,Volleyball_Femenil.xlsx
201,C020,Naomy Lepe,16/05/2007,Mujer ,Volleyball,Countermovement Jump,2026-08-31 08:22:44.787,74.12,Trial 2,27.7,184.3,196.1,0,0,2370,2634,0.37,914,770,0,0,664,698,912,1252,16047,12003,770,896,770,914,Sesion2,Volleyball_Femenil.xlsx
201,C020,Naomy Lepe,16/05/2007,Mujer ,Volleyball,Countermovement Jump,2026-08-31 08:22:44.787,74.12,Trial 3,27.7,180.8,198.1,0,0,2401,2685,0.37,924,817,0,0,672,707,1189,1714,29546,16989,811,916,817,924,Sesion2,Volleyball_Femenil.xlsx
198,C005,Naomi Cruz,15/09/2007,Mujer ,Volleyball,Countermovement Jump,2026-08-31 08:19:11.680,67.04,Trial 1,38.3,185.0,176.0,0,0,2249,2469,0.51,831,825,0,0,726,713,1110,1997,39937,19146,824,824,825,831,Sesion2,Volleyball_Femenil.xlsx
198,C005,Naomi Cruz,15/09/2007,Mujer ,Volleyball,Countermovement Jump,2026-08-31 08:19:11.680,67.04,Trial 2,38.4,180.1,179.4,0,500,2388,2318,0.5,846,867,4,2,700,721,1318,2118,55732,28662,867,844,865,846,Sesion2,Volleyball_Femenil.xlsx
198,C005,Naomi Cruz,15/09/2007,Mujer ,Volleyball,Countermovement Jump,2026-08-31 08:19:11.680,67.04,Trial 3,37.7,183.1,184.9,500,0,2036,2292,0.46,852,788,4,0,730,724,1910,2279,71214,56190,788,852,786,852,Sesion2,Volleyball_Femenil.xlsx
195,C014,Paula Benitez,24/10/2005,Mujer ,Volleyball,Countermovement Jump,2026-08-31 08:18:09.907,73.66,Trial 1,23.0,190.2,205.0,0,0,2506,2813,0.28,838,843,0,0,669,691,1354,1284,26743,30777,831,832,843,838,Sesion2,Volleyball_Femenil.xlsx
195,C014,Paula Benitez,24/10/2005,Mujer ,Volleyball,Countermovement Jump,2026-08-31 08:18:09.907,73.66,Trial 2,24.9,193.9,195.2,0,0,3244,2694,0.34,872,861,0,2,691,670,1267,815,16293,30171,831,862,861,872,Sesion2,Volleyball_Femenil.xlsx
195,C014,Paula Benitez,24/10/2005,Mujer ,Volleyball,Countermovement Jump,2026-08-31 08:18:09.907,73.66,Trial 3,24.3,198.3,198.0,0,0,2769,2460,0.3,818,857,2,0,656,666,1405,1110,23118,29275,846,818,857,818,Sesion2,Volleyball_Femenil.xlsx
192,C002,Victoria Campos,25/01/2007,Mujer ,Volleyball,Countermovement Jump,2026-08-31 08:14:38.603,55.64,Trial 1,39.9,157.1,133.8,-286,446,2719,2019,0.61,636,748,2,176,656,608,1065,1593,33180,19021,745,636,748,567,Sesion2,Volleyball_Femenil.xlsx
192,C002,Victoria Campos,25/01/2007,Mujer ,Volleyball,Countermovement Jump,2026-08-31 08:14:38.603,55.64,Trial 2,39.6,155.9,133.0,0,0,3150,2475,0.62,636,773,0,164,666,611,1193,1560,32493,22946,770,636,773,629,Sesion2,Volleyball_Femenil.xlsx
192,C002,Victoria Campos,25/01/2007,Mujer ,Volleyball,Countermovement Jump,2026-08-31 08:14:38.603,55.64,Trial 3,39.9,150.0,133.0,0,1000,4141,2744,0.64,659,791,0,8,652,611,1107,1539,32055,20504,790,659,791,657,Sesion2,Volleyball_Femenil.xlsx
190,C004,Karen Cisneros,08/11/2007,Mujer ,Volleyball,Countermovement Jump,2026-08-31 08:11:29.347,63.38,Trial 1,26.3,149.1,154.1,0,0,3517,3335,0.41,860,912,0,0,559,589,2397,1763,73444,199767,854,846,912,860,Sesion2,Volleyball_Femenil.xlsx
190,C004,Karen Cisneros,08/11/2007,Mujer ,Volleyball,Countermovement Jump,2026-08-31 08:11:29.347,63.38,Trial 2,27.1,154.8,158.4,0,0,3594,3034,0.39,869,921,0,0,528,554,1673,1446,31427,38027,875,842,921,869,Sesion2,Volleyball_Femenil.xlsx
190,C004,Karen Cisneros,08/11/2007,Mujer ,Volleyball,Countermovement Jump,2026-08-31 08:11:29.347,63.38,Trial 3,26.9,150.5,153.4,0,0,3927,3353,0.4,857,938,0,0,547,588,1837,1747,58222,65614,895,838,938,857,Sesion2,Volleyball_Femenil.xlsx
189,C009,Michelle Arzate,21/01/2005,Mujer ,Vollleyball,Countermovement Jump,2026-08-31 08:05:48.833,84.71,Trial 1,24.6,213.2,233.3,0,0,3015,3685,0.33,970,870,0,0,796,825,1267,1655,35975,24374,851,954,870,970,Sesion2,Volleyball_Femenil.xlsx
189,C009,Michelle Arzate,21/01/2005,Mujer ,Vollleyball,Countermovement Jump,2026-08-31 08:05:48.833,84.71,Trial 2,24.0,204.4,219.2,0,0,3267,3607,0.34,992,903,0,0,799,826,1101,1774,35477,17210,897,979,903,992,Sesion2,Volleyball_Femenil.xlsx
189,C009,Michelle Arzate,21/01/2005,Mujer ,Vollleyball,Countermovement Jump,2026-08-31 08:05:48.833,84.71,Trial 3,24.6,209.8,227.2,2500,-500,2682,3339,0.33,979,849,2,0,777,813,1190,1465,18780,13528,849,973,848,979,Sesion2,Volleyball_Femenil.xlsx
C212,C212,Enrique Saldo al,27/12/2002,Hombre,Volleyball,Countermovement Jump,2026-09-07 12:27:42.240,85.68,Trial 1,39.2,237.2,235.0,0,1250,3511,3556,0.52,995,1050,6,4,880,936,1865,1351,14682,24543,1048,995,1050,990,Sesion1,Volleyball_Varonil.xlsx
C212,C212,Enrique Saldo al,27/12/2002,Hombre,Volleyball,Countermovement Jump,2026-09-07 12:27:42.240,85.68,Trial 2,40.2,238.8,252.3,167,1167,3003,2820,0.51,979,1005,6,222,863,965,1819,2106,33964,25267,1005,979,1004,964,Sesion1,Volleyball_Varonil.xlsx
C212,C212,Enrique Saldo al,27/12/2002,Hombre,Volleyball,Countermovement Jump,2026-09-07 12:27:42.000,85.68,Trial 3,39.7,238.3,242.1,1000,500,2749,2879,0.51,986,1000,2,2,881,942,1438,1305,13880,16344,1000,986,998,986,Sesion1,Volleyball_Varonil.xlsx
C204,C204,Arnoldo Hurtado,27/01/2007,Hombre,Volleyball,Countermovement Jump,2026-09-07 12:22:25.097,88.05,Trial 1,45.7,229.7,257.6,0,0,3212,2305,0.57,1155,1178,0,136,885,1089,2394,3779,75580,44332,1156,1155,1178,1070,Sesion1,Volleyball_Varonil.xlsx
C204,C204,Arnoldo Hurtado,27/01/2007,Hombre,Volleyball,Countermovement Jump,2026-09-07 12:22:25.097,88.05,Trial 2,45.8,242.3,244.6,0,0,3335,2311,0.59,1146,1181,2,140,933,1074,2288,1994,36926,42369,1171,1146,1181,1052,Sesion1,Volleyball_Varonil.xlsx
C204,C204,Arnoldo Hurtado,27/01/2007,Hombre,Volleyball,Countermovement Jump,2026-09-07 12:22:25.097,88.05,Trial 3,46.8,245.3,257.0,0,0,3410,2977,0.55,1142,1191,0,0,900,1059,2346,3389,67780,46918,1170,1115,1191,1142,Sesion1,Volleyball_Varonil.xlsx
,C202,Isaí  Gudiño ,11/11/2007,Hombre,Volleyball,Countermovement Jump,2026-09-07 12:17:18.947,81.66,Trial 1,44.5,243.1,240.5,0,0,3454,3428,0.55,1096,1118,0,0,818,811,1236,1514,75687,61812,1070,1074,1118,1096,Sesion1,Volleyball_Varonil.xlsx
,C202,Isaí  Gudiño ,11/11/2007,Hombre,Volleyball,Countermovement Jump,2026-09-07 12:17:18.947,81.66,Trial 2,44.4,247.6,241.9,0,0,3205,2655,0.54,1070,1124,0,0,829,823,1028,2254,140859,12241,1066,1037,1124,1070,Sesion1,Volleyball_Varonil.xlsx
,C202,Isaí  Gudiño ,11/11/2007,Hombre,Volleyball,Countermovement Jump,2026-09-07 12:17:18.947,81.66,Trial 3,44.0,248.9,250.3,0,0,2776,2313,0.51,1084,1113,0,0,816,834,2007,2617,163547,27125,1067,1060,1113,1084,Sesion1,Volleyball_Varonil.xlsx
,C206,Alan Alvarado,15/11/2002,Hombre,Volleyball,Countermovement Jump,2026-09-07 12:13:35.613,97.22,Trial 1,44.6,276.8,240.5,-1000,2500,4659,3277,0.64,1129,1496,0,156,1172,1086,3814,2375,56542,105951,1488,1129,1496,1070,Sesion1,Volleyball_Varonil.xlsx
,C206,Alan Alvarado,15/11/2002,Hombre,Volleyball,Countermovement Jump,2026-09-07 12:13:35.613,97.22,Trial 2,44.7,271.5,248.6,0,0,4824,3644,0.63,1163,1498,0,32,1144,1097,2805,2860,51067,53947,1498,1163,1498,1125,Sesion1,Volleyball_Varonil.xlsx
,C206,Alan Alvarado,15/11/2002,Hombre,Volleyball,Countermovement Jump,2026-09-07 12:13:35.613,97.22,Trial 3,44.4,269.0,246.3,0,0,5565,3993,0.65,1198,1547,0,40,1151,1086,4019,3165,98898,125601,1499,1198,1547,1185,Sesion1,Volleyball_Varonil.xlsx
,C209,Jesus Rodriguez,01/12/2006,Hombre,Volleyball,Countermovement Jump,2026-09-07 12:10:18.587,85.67,Trial 1,40.4,255.5,261.9,0,0,2656,2995,0.44,1154,1086,0,0,866,790,2549,2037,84864,182089,1057,1124,1086,1154,Sesion1,Volleyball_Varonil.xlsx
,C209,Jesus Rodriguez,01/12/2006,Hombre,Volleyball,Countermovement Jump,2026-09-07 12:10:18.587,85.67,Trial 2,41.3,268.0,238.5,0,0,3696,2777,0.49,1068,1207,0,0,859,811,3133,2661,190053,174069,1205,1020,1207,1068,Sesion1,Volleyball_Varonil.xlsx
,C209,Jesus Rodriguez,01/12/2006,Hombre,Volleyball,Countermovement Jump,2026-09-07 12:10:18.587,85.67,Trial 3,40.7,273.4,246.5,0,0,2887,2508,0.47,959,1125,0,0,858,813,2896,2166,98443,241353,1125,955,1125,959,Sesion1,Volleyball_Varonil.xlsx
,C201,Emilio Alonso,19/07/2006,Hombre,Volleyball,Countermovement Jump,2026-09-07 12:10:14.100,91.6,Trial 1,42.1,265.1,230.8,1250,1583,4155,3311,0.56,1065,1324,18,12,981,952,2350,2958,87001,69115,1324,1065,1305,1046,Sesion1,Volleyball_Varonil.xlsx
,C201,Emilio Alonso,19/07/2006,Hombre,Volleyball,Countermovement Jump,2026-09-07 12:10:14.100,91.6,Trial 2,43.0,275.0,236.0,1000,500,4219,3441,0.56,1092,1356,4,4,1009,923,2584,2635,62739,67997,1356,1092,1352,1090,Sesion1,Volleyball_Varonil.xlsx
,C201,Emilio Alonso,19/07/2006,Hombre,Volleyball,Countermovement Jump,2026-09-07 12:10:14.100,91.6,Trial 3,43.3,268.3,250.5,0,3500,3833,3085,0.55,1061,1249,0,26,972,923,2277,2931,104679,75897,1246,1061,1249,1047,Sesion1,Volleyball_Varonil.xlsx
,C208,Angel Moreno,30/11/2006,Hombre,Volleyball,Countermovement Jump,2026-09-07 12:06:23.567,99.25,Trial 1,38.9,270.5,287.2,0,0,4203,3965,0.47,1217,1178,0,0,1026,1052,1229,2430,30372,12543,1158,1212,1178,1217,Sesion1,Volleyball_Varonil.xlsx
,C208,Angel Moreno,30/11/2006,Hombre,Volleyball,Countermovement Jump,2026-09-07 12:06:23.567,99.25,Trial 2,39.8,304.8,273.1,0,0,5148,4567,0.5,1261,1315,0,0,1052,992,1672,856,10436,23889,1307,1249,1315,1261,Sesion1,Volleyball_Varonil.xlsx
,C208,Angel Moreno,30/11/2006,Hombre,Volleyball,Countermovement Jump,2026-09-07 12:06:23.567,99.25,Trial 3,40.1,281.9,305.5,0,0,4446,4591,0.52,1252,1280,0,2,1000,1048,1315,1970,21886,14296,1263,1242,1280,1252,Sesion1,Volleyball_Varonil.xlsx
,C210,Luis Ayala,28/08/2007,Hombre,Volleyball,Countermovement Jump,2026-09-07 12:26:03.083,82.7,Trial 1,46.1,224.5,234.9,1500,-750,2978,2724,0.61,1046,980,100,0,912,958,4192,4222,91783,95271,980,1044,971,1046,Sesion1,Volleyball_Varonil.xlsx
,C210,Luis Ayala,28/08/2007,Hombre,Volleyball,Countermovement Jump,2026-09-07 12:26:03.083,82.7,Trial 2,45.7,216.9,231.5,1457,304,2824,2904,0.66,1096,990,122,40,936,965,4509,3930,81875,102475,990,1096,911,1075,Sesion1,Volleyball_Varonil.xlsx
,C210,Luis Ayala,28/08/2007,Hombre,Volleyball,Countermovement Jump,2026-09-07 12:26:03.083,82.7,Trial 3,46.4,235.2,238.6,83,182,2575,2349,0.61,974,961,190,182,911,934,4489,4208,87667,97585,961,974,944,938,Sesion1,Volleyball_Varonil.xlsx
,C211,Rodrigo Quiroga,14/08/2007,Hombre,Volleyball,Countermovement Jump,2026-09-07 12:21:31.063,75.22,Trial 1,47.2,210.6,218.0,0,0,3661,3949,0.65,1081,1002,6,0,776,779,1370,1495,16986,16710,1002,1069,1001,1081,Sesion1,Volleyball_Varonil.xlsx
,C211,Rodrigo Quiroga,14/08/2007,Hombre,Volleyball,Countermovement Jump,2026-09-07 12:21:31.063,75.22,Trial 2,45.4,202.5,216.3,0,0,4215,5455,0.62,1140,1027,0,0,769,799,1624,1790,21826,17655,1023,1117,1027,1140,Sesion1,Volleyball_Varonil.xlsx
,C211,Rodrigo Quiroga,14/08/2007,Hombre,Volleyball,Countermovement Jump,2026-09-07 12:21:31.063,75.22,Trial 3,46.7,211.5,221.0,0,0,3673,3766,0.63,1111,966,0,0,794,814,1533,1113,9935,15971,966,1088,966,1111,Sesion1,Volleyball_Varonil.xlsx
,C205,Santiago Bernal,18/05/2007,Hombre,Volleyball,Countermovement Jump,2026-09-07 12:18:28.683,67.9,Trial 1,38.9,182.0,204.0,0,0,3124,2997,0.5,1003,905,0,0,633,692,1938,2326,166145,138422,901,995,905,1003,Sesion1,Volleyball_Varonil.xlsx
,C205,Santiago Bernal,18/05/2007,Hombre,Volleyball,Countermovement Jump,2026-09-07 12:18:28.683,67.9,Trial 2,41.5,187.2,200.7,0,0,3469,3777,0.54,1010,916,0,0,659,692,1067,1480,56924,29636,914,990,916,1010,Sesion1,Volleyball_Varonil.xlsx
,C205,Santiago Bernal,18/05/2007,Hombre,Volleyball,Countermovement Jump,2026-09-07 12:18:28.683,67.9,Trial 3,40.2,184.7,201.3,0,0,3748,3399,0.51,1027,942,0,0,648,695,1487,1624,54134,39129,932,1007,942,1027,Sesion1,Volleyball_Varonil.xlsx
,C203,Santiago Pérez ,24/10/2007,Hombre,Volleyball,Countermovement Jump,2026-09-07 12:14:17.123,78.9,Trial 1,35.3,213.1,227.0,0,500,1722,2338,0.42,902,831,210,2,797,821,1187,1124,13381,14836,831,902,821,902,Sesion1,Volleyball_Varonil.xlsx
,C203,Santiago Pérez ,24/10/2007,Hombre,Volleyball,Countermovement Jump,2026-09-07 12:14:17.123,78.9,Trial 2,37.1,217.2,232.0,215,206,1671,2290,0.45,890,848,214,214,820,839,1536,1015,13013,20755,848,890,804,846,Sesion1,Volleyball_Varonil.xlsx
,C203,Santiago Pérez ,24/10/2007,Hombre,Volleyball,Countermovement Jump,2026-09-07 12:14:17.123,78.9,Trial 3,36.7,218.6,231.9,1625,-125,1867,2378,0.44,873,851,8,2,783,811,1129,1588,21460,14854,851,870,838,873,Sesion1,Volleyball_Varonil.xlsx
,C207,Luca Sagnelli,09/01/2006,Hombre,Volleyball,Countermovement Jump,2026-09-07 12:06:03.977,95.03,Trial 1,38.8,266.1,271.0,1500,-500,3608,3666,0.48,1140,1135,2,4,961,954,1944,2997,65153,34713,1131,1139,1135,1140,Sesion1,Volleyball_Varonil.xlsx
,C207,Luca Sagnelli,09/01/2006,Hombre,Volleyball,Countermovement Jump,2026-09-07 12:06:03.977,95.03,Trial 2,39.4,277.6,280.6,500,0,3497,3732,0.49,1158,1120,6,0,953,938,4712,5091,106063,87257,1117,1158,1120,1158,Sesion1,Volleyball_Varonil.xlsx
,C207,Luca Sagnelli,09/01/2006,Hombre,Volleyball,Countermovement Jump,2026-09-07 12:06:03.977,95.03,Trial 3,38.9,272.8,275.7,1625,-250,3355,3666,0.49,1174,1070,14,0,974,929,2918,2664,51231,54035,1070,1174,1055,1174,Sesion1,Volleyball_Varonil.xlsx
